STARTFONT 2.1
FONT -umplus-gothic-medium-R-normal--10-100-75-75-C-100-iso10646-1
SIZE 10 75 75
FONTBOUNDINGBOX 10 11 0 -2
STARTPROPERTIES 23
FONTNAME_REGISTRY ""
FOUNDRY "umplus"
FAMILY_NAME "gothic"
WEIGHT_NAME "medium"
SLANT "R"
SETWIDTH_NAME "normal"
ADD_STYLE_NAME ""
PIXEL_SIZE 10
POINT_SIZE 100
RESOLUTION_X 75
RESOLUTION_Y 75
SPACING "C"
AVERAGE_WIDTH 100
CHARSET_REGISTRY "iso10646"
CHARSET_ENCODING "0"
COPYRIGHT "Copyright (C) 2002-2004 COZ"
WEIGHT 10
X_HEIGHT 11
QUAD_WIDTH 12
_XMBDFED_INFO "Edited with xmbdfed 4.5."
DEFAULT_CHAR 12288
FONT_DESCENT 2
FONT_ASCENT 9
ENDPROPERTIES
CHARS 800
STARTCHAR 0x0020
ENCODING 32
SWIDTH 576 0
DWIDTH 6 0
BBX 6 13 0 -4
BITMAP
00
00
00
00
00
00
00
00
00
00
00
00
00
ENDCHAR
STARTCHAR 0x0021
ENCODING 33
SWIDTH 576 0
DWIDTH 6 0
BBX 6 13 0 -4
BITMAP
00
00
20
20
20
20
20
00
20
00
00
00
00
ENDCHAR
STARTCHAR 0x0022
ENCODING 34
SWIDTH 576 0
DWIDTH 6 0
BBX 6 13 0 -4
BITMAP
00
50
50
50
00
00
00
00
00
00
00
00
00
ENDCHAR
STARTCHAR 0x0023
ENCODING 35
SWIDTH 576 0
DWIDTH 6 0
BBX 6 13 0 -4
BITMAP
00
00
50
50
F8
50
F8
50
50
00
00
00
00
ENDCHAR
STARTCHAR 0x0024
ENCODING 36
SWIDTH 576 0
DWIDTH 6 0
BBX 6 13 0 -4
BITMAP
00
00
20
78
A0
70
28
28
F0
20
00
00
00
ENDCHAR
STARTCHAR 0x0025
ENCODING 37
SWIDTH 576 0
DWIDTH 6 0
BBX 6 13 0 -4
BITMAP
00
00
C0
C8
10
20
40
98
18
00
00
00
00
ENDCHAR
STARTCHAR 0x0026
ENCODING 38
SWIDTH 576 0
DWIDTH 6 0
BBX 6 13 0 -4
BITMAP
00
00
60
90
90
60
98
90
68
00
00
00
00
ENDCHAR
STARTCHAR 0x0027
ENCODING 39
SWIDTH 576 0
DWIDTH 6 0
BBX 6 13 0 -4
BITMAP
00
20
20
20
00
00
00
00
00
00
00
00
00
ENDCHAR
STARTCHAR 0x0028
ENCODING 40
SWIDTH 576 0
DWIDTH 6 0
BBX 6 13 0 -4
BITMAP
00
10
20
20
40
40
40
20
20
10
00
00
00
ENDCHAR
STARTCHAR 0x0029
ENCODING 41
SWIDTH 576 0
DWIDTH 6 0
BBX 6 13 0 -4
BITMAP
00
40
20
20
10
10
10
20
20
40
00
00
00
ENDCHAR
STARTCHAR 0x002A
ENCODING 42
SWIDTH 576 0
DWIDTH 6 0
BBX 6 13 0 -4
BITMAP
00
00
20
A8
70
20
70
A8
20
00
00
00
00
ENDCHAR
STARTCHAR 0x002B
ENCODING 43
SWIDTH 576 0
DWIDTH 6 0
BBX 6 13 0 -4
BITMAP
00
00
00
20
20
F8
20
20
00
00
00
00
00
ENDCHAR
STARTCHAR 0x002C
ENCODING 44
SWIDTH 576 0
DWIDTH 6 0
BBX 6 13 0 -4
BITMAP
00
00
00
00
00
00
00
00
20
40
00
00
00
ENDCHAR
STARTCHAR 0x002D
ENCODING 45
SWIDTH 576 0
DWIDTH 6 0
BBX 6 13 0 -4
BITMAP
00
00
00
00
00
F8
00
00
00
00
00
00
00
ENDCHAR
STARTCHAR 0x002E
ENCODING 46
SWIDTH 576 0
DWIDTH 6 0
BBX 6 13 0 -4
BITMAP
00
00
00
00
00
00
00
00
20
00
00
00
00
ENDCHAR
STARTCHAR 0x002F
ENCODING 47
SWIDTH 576 0
DWIDTH 6 0
BBX 6 13 0 -4
BITMAP
00
00
10
10
20
20
40
40
80
80
00
00
00
ENDCHAR
STARTCHAR 0x0030
ENCODING 48
SWIDTH 576 0
DWIDTH 6 0
BBX 6 13 0 -4
BITMAP
00
00
70
88
98
A8
C8
88
70
00
00
00
00
ENDCHAR
STARTCHAR 0x0031
ENCODING 49
SWIDTH 576 0
DWIDTH 6 0
BBX 6 13 0 -4
BITMAP
00
00
20
60
A0
20
20
20
20
00
00
00
00
ENDCHAR
STARTCHAR 0x0032
ENCODING 50
SWIDTH 576 0
DWIDTH 6 0
BBX 6 13 0 -4
BITMAP
00
00
70
88
08
30
40
80
F8
00
00
00
00
ENDCHAR
STARTCHAR 0x0033
ENCODING 51
SWIDTH 576 0
DWIDTH 6 0
BBX 6 13 0 -4
BITMAP
00
00
F8
10
20
70
08
88
70
00
00
00
00
ENDCHAR
STARTCHAR 0x0034
ENCODING 52
SWIDTH 576 0
DWIDTH 6 0
BBX 6 13 0 -4
BITMAP
00
00
30
50
90
90
F8
10
10
00
00
00
00
ENDCHAR
STARTCHAR 0x0035
ENCODING 53
SWIDTH 576 0
DWIDTH 6 0
BBX 6 13 0 -4
BITMAP
00
00
F8
80
F0
08
08
88
70
00
00
00
00
ENDCHAR
STARTCHAR 0x0036
ENCODING 54
SWIDTH 576 0
DWIDTH 6 0
BBX 6 13 0 -4
BITMAP
00
00
70
80
F0
88
88
88
70
00
00
00
00
ENDCHAR
STARTCHAR 0x0037
ENCODING 55
SWIDTH 576 0
DWIDTH 6 0
BBX 6 13 0 -4
BITMAP
00
00
F8
08
10
20
20
40
40
00
00
00
00
ENDCHAR
STARTCHAR 0x0038
ENCODING 56
SWIDTH 576 0
DWIDTH 6 0
BBX 6 13 0 -4
BITMAP
00
00
70
88
88
70
88
88
70
00
00
00
00
ENDCHAR
STARTCHAR 0x0039
ENCODING 57
SWIDTH 576 0
DWIDTH 6 0
BBX 6 13 0 -4
BITMAP
00
00
70
88
88
88
78
08
70
00
00
00
00
ENDCHAR
STARTCHAR 0x003A
ENCODING 58
SWIDTH 576 0
DWIDTH 6 0
BBX 6 13 0 -4
BITMAP
00
00
00
00
20
00
00
20
00
00
00
00
00
ENDCHAR
STARTCHAR 0x003B
ENCODING 59
SWIDTH 576 0
DWIDTH 6 0
BBX 6 13 0 -4
BITMAP
00
00
00
00
20
00
00
20
40
00
00
00
00
ENDCHAR
STARTCHAR 0x003C
ENCODING 60
SWIDTH 576 0
DWIDTH 6 0
BBX 6 13 0 -4
BITMAP
00
00
08
10
20
40
20
10
08
00
00
00
00
ENDCHAR
STARTCHAR 0x003D
ENCODING 61
SWIDTH 576 0
DWIDTH 6 0
BBX 6 13 0 -4
BITMAP
00
00
00
00
F8
00
F8
00
00
00
00
00
00
ENDCHAR
STARTCHAR 0x003E
ENCODING 62
SWIDTH 576 0
DWIDTH 6 0
BBX 6 13 0 -4
BITMAP
00
00
80
40
20
10
20
40
80
00
00
00
00
ENDCHAR
STARTCHAR 0x003F
ENCODING 63
SWIDTH 576 0
DWIDTH 6 0
BBX 6 13 0 -4
BITMAP
00
00
70
88
08
10
20
00
20
00
00
00
00
ENDCHAR
STARTCHAR 0x0040
ENCODING 64
SWIDTH 576 0
DWIDTH 6 0
BBX 6 13 0 -4
BITMAP
00
00
70
88
B8
A8
B8
80
70
00
00
00
00
ENDCHAR
STARTCHAR 0x0041
ENCODING 65
SWIDTH 576 0
DWIDTH 6 0
BBX 6 13 0 -4
BITMAP
00
00
20
20
50
50
F8
88
88
00
00
00
00
ENDCHAR
STARTCHAR 0x0042
ENCODING 66
SWIDTH 576 0
DWIDTH 6 0
BBX 6 13 0 -4
BITMAP
00
00
F0
88
88
F0
88
88
F0
00
00
00
00
ENDCHAR
STARTCHAR 0x0043
ENCODING 67
SWIDTH 576 0
DWIDTH 6 0
BBX 6 13 0 -4
BITMAP
00
00
70
88
80
80
80
80
78
00
00
00
00
ENDCHAR
STARTCHAR 0x0044
ENCODING 68
SWIDTH 576 0
DWIDTH 6 0
BBX 6 13 0 -4
BITMAP
00
00
F0
88
88
88
88
88
F0
00
00
00
00
ENDCHAR
STARTCHAR 0x0045
ENCODING 69
SWIDTH 576 0
DWIDTH 6 0
BBX 6 13 0 -4
BITMAP
00
00
F8
80
80
F0
80
80
F8
00
00
00
00
ENDCHAR
STARTCHAR 0x0046
ENCODING 70
SWIDTH 576 0
DWIDTH 6 0
BBX 6 13 0 -4
BITMAP
00
00
F8
80
80
F0
80
80
80
00
00
00
00
ENDCHAR
STARTCHAR 0x0047
ENCODING 71
SWIDTH 576 0
DWIDTH 6 0
BBX 6 13 0 -4
BITMAP
00
00
70
88
80
B8
88
88
78
00
00
00
00
ENDCHAR
STARTCHAR 0x0048
ENCODING 72
SWIDTH 576 0
DWIDTH 6 0
BBX 6 13 0 -4
BITMAP
00
00
88
88
88
F8
88
88
88
00
00
00
00
ENDCHAR
STARTCHAR 0x0049
ENCODING 73
SWIDTH 576 0
DWIDTH 6 0
BBX 6 13 0 -4
BITMAP
00
00
70
20
20
20
20
20
70
00
00
00
00
ENDCHAR
STARTCHAR 0x004A
ENCODING 74
SWIDTH 576 0
DWIDTH 6 0
BBX 6 13 0 -4
BITMAP
00
00
08
08
08
08
88
88
70
00
00
00
00
ENDCHAR
STARTCHAR 0x004B
ENCODING 75
SWIDTH 576 0
DWIDTH 6 0
BBX 6 13 0 -4
BITMAP
00
00
88
90
A0
C0
A0
90
88
00
00
00
00
ENDCHAR
STARTCHAR 0x004C
ENCODING 76
SWIDTH 576 0
DWIDTH 6 0
BBX 6 13 0 -4
BITMAP
00
00
80
80
80
80
80
80
F8
00
00
00
00
ENDCHAR
STARTCHAR 0x004D
ENCODING 77
SWIDTH 576 0
DWIDTH 6 0
BBX 6 13 0 -4
BITMAP
00
00
88
D8
A8
88
88
88
88
00
00
00
00
ENDCHAR
STARTCHAR 0x004E
ENCODING 78
SWIDTH 576 0
DWIDTH 6 0
BBX 6 13 0 -4
BITMAP
00
00
88
C8
A8
98
88
88
88
00
00
00
00
ENDCHAR
STARTCHAR 0x004F
ENCODING 79
SWIDTH 576 0
DWIDTH 6 0
BBX 6 13 0 -4
BITMAP
00
00
70
88
88
88
88
88
70
00
00
00
00
ENDCHAR
STARTCHAR 0x0050
ENCODING 80
SWIDTH 576 0
DWIDTH 6 0
BBX 6 13 0 -4
BITMAP
00
00
F0
88
88
88
F0
80
80
00
00
00
00
ENDCHAR
STARTCHAR 0x0051
ENCODING 81
SWIDTH 576 0
DWIDTH 6 0
BBX 6 13 0 -4
BITMAP
00
00
70
88
88
88
88
88
70
10
0C
00
00
ENDCHAR
STARTCHAR 0x0052
ENCODING 82
SWIDTH 576 0
DWIDTH 6 0
BBX 6 13 0 -4
BITMAP
00
00
F0
88
88
F0
88
88
88
00
00
00
00
ENDCHAR
STARTCHAR 0x0053
ENCODING 83
SWIDTH 576 0
DWIDTH 6 0
BBX 6 13 0 -4
BITMAP
00
00
70
88
80
70
08
88
70
00
00
00
00
ENDCHAR
STARTCHAR 0x0054
ENCODING 84
SWIDTH 576 0
DWIDTH 6 0
BBX 6 13 0 -4
BITMAP
00
00
F8
20
20
20
20
20
20
00
00
00
00
ENDCHAR
STARTCHAR 0x0055
ENCODING 85
SWIDTH 576 0
DWIDTH 6 0
BBX 6 13 0 -4
BITMAP
00
00
88
88
88
88
88
88
70
00
00
00
00
ENDCHAR
STARTCHAR 0x0056
ENCODING 86
SWIDTH 576 0
DWIDTH 6 0
BBX 6 13 0 -4
BITMAP
00
00
88
88
88
50
50
20
20
00
00
00
00
ENDCHAR
STARTCHAR 0x0057
ENCODING 87
SWIDTH 576 0
DWIDTH 6 0
BBX 6 13 0 -4
BITMAP
00
00
A8
A8
A8
A8
A8
50
50
00
00
00
00
ENDCHAR
STARTCHAR 0x0058
ENCODING 88
SWIDTH 576 0
DWIDTH 6 0
BBX 6 13 0 -4
BITMAP
00
00
88
50
20
20
20
50
88
00
00
00
00
ENDCHAR
STARTCHAR 0x0059
ENCODING 89
SWIDTH 576 0
DWIDTH 6 0
BBX 6 13 0 -4
BITMAP
00
00
88
88
88
50
20
20
20
00
00
00
00
ENDCHAR
STARTCHAR 0x005A
ENCODING 90
SWIDTH 576 0
DWIDTH 6 0
BBX 6 13 0 -4
BITMAP
00
00
F8
08
10
20
40
80
F8
00
00
00
00
ENDCHAR
STARTCHAR 0x005B
ENCODING 91
SWIDTH 576 0
DWIDTH 6 0
BBX 6 13 0 -4
BITMAP
00
38
20
20
20
20
20
20
20
38
00
00
00
ENDCHAR
STARTCHAR 0x005C
ENCODING 92
SWIDTH 576 0
DWIDTH 6 0
BBX 6 13 0 -4
BITMAP
00
00
80
80
40
40
20
20
10
10
00
00
00
ENDCHAR
STARTCHAR 0x005D
ENCODING 93
SWIDTH 576 0
DWIDTH 6 0
BBX 6 13 0 -4
BITMAP
00
E0
20
20
20
20
20
20
20
E0
00
00
00
ENDCHAR
STARTCHAR 0x005E
ENCODING 94
SWIDTH 576 0
DWIDTH 6 0
BBX 6 13 0 -4
BITMAP
00
20
50
88
00
00
00
00
00
00
00
00
00
ENDCHAR
STARTCHAR 0x005F
ENCODING 95
SWIDTH 576 0
DWIDTH 6 0
BBX 6 13 0 -4
BITMAP
00
00
00
00
00
00
00
00
00
F8
00
00
00
ENDCHAR
STARTCHAR 0x0060
ENCODING 96
SWIDTH 576 0
DWIDTH 6 0
BBX 6 13 0 -4
BITMAP
00
40
40
20
20
00
00
00
00
00
00
00
00
ENDCHAR
STARTCHAR 0x0061
ENCODING 97
SWIDTH 576 0
DWIDTH 6 0
BBX 6 13 0 -4
BITMAP
00
00
00
00
70
08
78
88
78
00
00
00
00
ENDCHAR
STARTCHAR 0x0062
ENCODING 98
SWIDTH 576 0
DWIDTH 6 0
BBX 6 13 0 -4
BITMAP
00
00
80
80
F0
88
88
88
F0
00
00
00
00
ENDCHAR
STARTCHAR 0x0063
ENCODING 99
SWIDTH 576 0
DWIDTH 6 0
BBX 6 13 0 -4
BITMAP
00
00
00
00
70
88
80
80
78
00
00
00
00
ENDCHAR
STARTCHAR 0x0064
ENCODING 100
SWIDTH 576 0
DWIDTH 6 0
BBX 6 13 0 -4
BITMAP
00
00
08
08
78
88
88
88
78
00
00
00
00
ENDCHAR
STARTCHAR 0x0065
ENCODING 101
SWIDTH 576 0
DWIDTH 6 0
BBX 6 13 0 -4
BITMAP
00
00
00
00
70
88
F8
80
78
00
00
00
00
ENDCHAR
STARTCHAR 0x0066
ENCODING 102
SWIDTH 576 0
DWIDTH 6 0
BBX 6 13 0 -4
BITMAP
00
00
18
20
20
F8
20
20
20
00
00
00
00
ENDCHAR
STARTCHAR 0x0067
ENCODING 103
SWIDTH 576 0
DWIDTH 6 0
BBX 6 13 0 -4
BITMAP
00
00
00
00
78
88
88
88
78
08
70
00
00
ENDCHAR
STARTCHAR 0x0068
ENCODING 104
SWIDTH 576 0
DWIDTH 6 0
BBX 6 13 0 -4
BITMAP
00
00
80
80
B0
C8
88
88
88
00
00
00
00
ENDCHAR
STARTCHAR 0x0069
ENCODING 105
SWIDTH 576 0
DWIDTH 6 0
BBX 6 13 0 -4
BITMAP
00
20
00
00
60
20
20
20
70
00
00
00
00
ENDCHAR
STARTCHAR 0x006A
ENCODING 106
SWIDTH 576 0
DWIDTH 6 0
BBX 6 13 0 -4
BITMAP
00
20
00
00
60
20
20
20
20
20
C0
00
00
ENDCHAR
STARTCHAR 0x006B
ENCODING 107
SWIDTH 576 0
DWIDTH 6 0
BBX 6 13 0 -4
BITMAP
00
00
80
80
88
90
A0
90
88
00
00
00
00
ENDCHAR
STARTCHAR 0x006C
ENCODING 108
SWIDTH 576 0
DWIDTH 6 0
BBX 6 13 0 -4
BITMAP
00
00
60
20
20
20
20
20
30
00
00
00
00
ENDCHAR
STARTCHAR 0x006D
ENCODING 109
SWIDTH 576 0
DWIDTH 6 0
BBX 6 13 0 -4
BITMAP
00
00
00
00
F0
A8
A8
A8
A8
00
00
00
00
ENDCHAR
STARTCHAR 0x006E
ENCODING 110
SWIDTH 576 0
DWIDTH 6 0
BBX 6 13 0 -4
BITMAP
00
00
00
00
B0
C8
88
88
88
00
00
00
00
ENDCHAR
STARTCHAR 0x006F
ENCODING 111
SWIDTH 576 0
DWIDTH 6 0
BBX 6 13 0 -4
BITMAP
00
00
00
00
70
88
88
88
70
00
00
00
00
ENDCHAR
STARTCHAR 0x0070
ENCODING 112
SWIDTH 576 0
DWIDTH 6 0
BBX 6 13 0 -4
BITMAP
00
00
00
00
F0
88
88
88
F0
80
80
00
00
ENDCHAR
STARTCHAR 0x0071
ENCODING 113
SWIDTH 576 0
DWIDTH 6 0
BBX 6 13 0 -4
BITMAP
00
00
00
00
78
88
88
88
78
08
08
00
00
ENDCHAR
STARTCHAR 0x0072
ENCODING 114
SWIDTH 576 0
DWIDTH 6 0
BBX 6 13 0 -4
BITMAP
00
00
00
00
B0
C8
80
80
80
00
00
00
00
ENDCHAR
STARTCHAR 0x0073
ENCODING 115
SWIDTH 576 0
DWIDTH 6 0
BBX 6 13 0 -4
BITMAP
00
00
00
00
78
80
70
08
F0
00
00
00
00
ENDCHAR
STARTCHAR 0x0074
ENCODING 116
SWIDTH 576 0
DWIDTH 6 0
BBX 6 13 0 -4
BITMAP
00
00
20
20
F8
20
20
20
18
00
00
00
00
ENDCHAR
STARTCHAR 0x0075
ENCODING 117
SWIDTH 576 0
DWIDTH 6 0
BBX 6 13 0 -4
BITMAP
00
00
00
00
88
88
88
98
68
00
00
00
00
ENDCHAR
STARTCHAR 0x0076
ENCODING 118
SWIDTH 576 0
DWIDTH 6 0
BBX 6 13 0 -4
BITMAP
00
00
00
00
88
88
50
50
20
00
00
00
00
ENDCHAR
STARTCHAR 0x0077
ENCODING 119
SWIDTH 576 0
DWIDTH 6 0
BBX 6 13 0 -4
BITMAP
00
00
00
00
A8
A8
A8
50
50
00
00
00
00
ENDCHAR
STARTCHAR 0x0078
ENCODING 120
SWIDTH 576 0
DWIDTH 6 0
BBX 6 13 0 -4
BITMAP
00
00
00
00
88
50
20
50
88
00
00
00
00
ENDCHAR
STARTCHAR 0x0079
ENCODING 121
SWIDTH 576 0
DWIDTH 6 0
BBX 6 13 0 -4
BITMAP
00
00
00
00
88
88
88
88
78
08
70
00
00
ENDCHAR
STARTCHAR 0x007A
ENCODING 122
SWIDTH 576 0
DWIDTH 6 0
BBX 6 13 0 -4
BITMAP
00
00
00
00
F8
10
20
40
F8
00
00
00
00
ENDCHAR
STARTCHAR 0x007B
ENCODING 123
SWIDTH 576 0
DWIDTH 6 0
BBX 6 13 0 -4
BITMAP
00
18
20
20
20
C0
20
20
20
18
00
00
00
ENDCHAR
STARTCHAR 0x007C
ENCODING 124
SWIDTH 576 0
DWIDTH 6 0
BBX 6 13 0 -4
BITMAP
00
20
20
20
20
20
20
20
20
20
00
00
00
ENDCHAR
STARTCHAR 0x007D
ENCODING 125
SWIDTH 576 0
DWIDTH 6 0
BBX 6 13 0 -4
BITMAP
00
C0
20
20
20
18
20
20
20
C0
00
00
00
ENDCHAR
STARTCHAR 0x007E
ENCODING 126
SWIDTH 576 0
DWIDTH 6 0
BBX 6 13 0 -4
BITMAP
00
00
68
B0
00
00
00
00
00
00
00
00
00
ENDCHAR
STARTCHAR 0x215F
ENCODING 215
SWIDTH 960 0
DWIDTH 10 0
BBX 10 11 0 -2
BITMAP
0000
0000
4100
2200
1400
0800
1400
2200
4100
0000
0000
ENDCHAR
STARTCHAR 0x2160
ENCODING 247
SWIDTH 960 0
DWIDTH 10 0
BBX 10 11 0 -2
BITMAP
0000
0800
1C00
0800
0000
7F00
0000
0800
1C00
0800
0000
ENDCHAR
STARTCHAR 0x2145
ENCODING 8229
SWIDTH 960 0
DWIDTH 10 0
BBX 10 11 0 -2
BITMAP
0000
0000
0000
0000
0000
6300
6300
0000
0000
0000
0000
ENDCHAR
STARTCHAR 0x2144
ENCODING 8230
SWIDTH 960 0
DWIDTH 10 0
BBX 10 11 0 -2
BITMAP
0000
0000
0000
0000
0000
DB00
DB00
0000
0000
0000
0000
ENDCHAR
STARTCHAR U+2212
ENCODING 8722
SWIDTH 960 0
DWIDTH 10 0
BBX 10 11 0 -2
BITMAP
0000
0000
0000
0000
0000
7F00
0000
0000
0000
0000
0000
ENDCHAR
STARTCHAR 0x2121
ENCODING 12288
SWIDTH 960 0
DWIDTH 10 0
BBX 10 11 0 -2
BITMAP
0000
0000
0000
0000
0000
0000
0000
0000
0000
0000
0000
ENDCHAR
STARTCHAR 0x2122
ENCODING 12289
SWIDTH 960 0
DWIDTH 10 0
BBX 10 11 0 -2
BITMAP
0000
0000
0000
0000
0000
0000
0000
0000
4000
2000
0000
ENDCHAR
STARTCHAR 0x2123
ENCODING 12290
SWIDTH 960 0
DWIDTH 10 0
BBX 10 11 0 -2
BITMAP
0000
0000
0000
0000
0000
0000
3000
4800
4800
3000
0000
ENDCHAR
STARTCHAR 0x2139
ENCODING 12293
SWIDTH 960 0
DWIDTH 10 0
BBX 10 11 0 -2
BITMAP
0000
0000
2000
3E00
4200
4200
1400
0800
0400
0000
0000
ENDCHAR
STARTCHAR 0x2152
ENCODING 12296
SWIDTH 960 0
DWIDTH 10 0
BBX 10 11 0 -2
BITMAP
0000
0100
0100
0200
0200
0400
0200
0200
0100
0100
0000
ENDCHAR
STARTCHAR 0x2153
ENCODING 12297
SWIDTH 960 0
DWIDTH 10 0
BBX 10 11 0 -2
BITMAP
0000
4000
4000
2000
2000
1000
2000
2000
4000
4000
0000
ENDCHAR
STARTCHAR 0x2154
ENCODING 12298
SWIDTH 960 0
DWIDTH 10 0
BBX 10 11 0 -2
BITMAP
0000
0500
0500
0A00
0A00
1400
0A00
0A00
0500
0500
0000
ENDCHAR
STARTCHAR 0x2155
ENCODING 12299
SWIDTH 960 0
DWIDTH 10 0
BBX 10 11 0 -2
BITMAP
0000
5000
5000
2800
2800
1400
2800
2800
5000
5000
0000
ENDCHAR
STARTCHAR 0x2156
ENCODING 12300
SWIDTH 960 0
DWIDTH 10 0
BBX 10 11 0 -2
BITMAP
0F00
0800
0800
0800
0800
0800
0800
0000
0000
0000
0000
ENDCHAR
STARTCHAR 0x2157
ENCODING 12301
SWIDTH 960 0
DWIDTH 10 0
BBX 10 11 0 -2
BITMAP
0000
0000
0000
0000
0800
0800
0800
0800
0800
0800
7800
ENDCHAR
STARTCHAR 0x2158
ENCODING 12302
SWIDTH 960 0
DWIDTH 10 0
BBX 10 11 0 -2
BITMAP
1F00
1100
1700
1400
1400
1400
1400
1C00
0000
0000
0000
ENDCHAR
STARTCHAR 0x2159
ENCODING 12303
SWIDTH 960 0
DWIDTH 10 0
BBX 10 11 0 -2
BITMAP
0000
0000
0000
1C00
1400
1400
1400
1400
7400
4400
7C00
ENDCHAR
STARTCHAR 0x215A
ENCODING 12304
SWIDTH 960 0
DWIDTH 10 0
BBX 10 11 0 -2
BITMAP
0F00
0E00
0C00
0C00
0800
0800
0800
0C00
0C00
0E00
0F00
ENDCHAR
STARTCHAR 0x215B
ENCODING 12305
SWIDTH 960 0
DWIDTH 10 0
BBX 10 11 0 -2
BITMAP
7800
3800
1800
1800
0800
0800
0800
1800
1800
3800
7800
ENDCHAR
STARTCHAR 0x214C
ENCODING 12308
SWIDTH 960 0
DWIDTH 10 0
BBX 10 11 0 -2
BITMAP
0100
0200
0400
0400
0400
0400
0400
0400
0400
0200
0100
ENDCHAR
STARTCHAR 0x214D
ENCODING 12309
SWIDTH 960 0
DWIDTH 10 0
BBX 10 11 0 -2
BITMAP
4000
2000
1000
1000
1000
1000
1000
1000
1000
2000
4000
ENDCHAR
STARTCHAR U+301C
ENCODING 12316
SWIDTH 960 0
DWIDTH 10 0
BBX 10 11 0 -2
BITMAP
0000
0000
0000
0000
3000
4900
0600
0000
0000
0000
0000
ENDCHAR
STARTCHAR U+3040
ENCODING 12352
SWIDTH 960 0
DWIDTH 10 0
BBX 10 11 0 -2
BITMAP
0000
0000
0000
0000
0000
0000
0000
0000
0000
0000
0000
ENDCHAR
STARTCHAR 0x2421
ENCODING 12353
SWIDTH 960 0
DWIDTH 10 0
BBX 10 11 0 -2
BITMAP
0000
0000
0000
1000
7F00
1000
3E00
5500
5900
3200
0000
ENDCHAR
STARTCHAR 0x2422
ENCODING 12354
SWIDTH 960 0
DWIDTH 10 0
BBX 10 11 0 -2
BITMAP
1000
1000
FF80
1000
3E00
6500
A880
A880
7100
0600
0000
ENDCHAR
STARTCHAR 0x2423
ENCODING 12355
SWIDTH 960 0
DWIDTH 10 0
BBX 10 11 0 -2
BITMAP
0000
0000
0000
0000
2200
2200
4100
4100
4900
3000
0000
ENDCHAR
STARTCHAR 0x2424
ENCODING 12356
SWIDTH 960 0
DWIDTH 10 0
BBX 10 11 0 -2
BITMAP
0000
0000
4000
4100
8100
8080
8080
4880
3000
0000
0000
ENDCHAR
STARTCHAR 0x2425
ENCODING 12357
SWIDTH 960 0
DWIDTH 10 0
BBX 10 11 0 -2
BITMAP
0000
0000
0000
3C00
0000
1C00
6200
0200
0400
1800
0000
ENDCHAR
STARTCHAR 0x2426
ENCODING 12358
SWIDTH 960 0
DWIDTH 10 0
BBX 10 11 0 -2
BITMAP
0000
1800
0600
0000
1E00
6100
0100
0100
0600
1800
0000
ENDCHAR
STARTCHAR 0x2427
ENCODING 12359
SWIDTH 960 0
DWIDTH 10 0
BBX 10 11 0 -2
BITMAP
0000
0000
0000
1E00
0000
3E00
0400
0800
1400
2300
0000
ENDCHAR
STARTCHAR 0x2428
ENCODING 12360
SWIDTH 960 0
DWIDTH 10 0
BBX 10 11 0 -2
BITMAP
0000
1800
0600
0000
7F00
0200
0400
0C00
3200
C180
0000
ENDCHAR
STARTCHAR 0x2429
ENCODING 12361
SWIDTH 960 0
DWIDTH 10 0
BBX 10 11 0 -2
BITMAP
0000
0000
1000
1200
7D00
1000
3E00
5100
5100
6600
0000
ENDCHAR
STARTCHAR 0x242A
ENCODING 12362
SWIDTH 960 0
DWIDTH 10 0
BBX 10 11 0 -2
BITMAP
1000
1000
7D00
1080
1000
3E00
5100
9080
9080
6300
0000
ENDCHAR
STARTCHAR 0x242B
ENCODING 12363
SWIDTH 960 0
DWIDTH 10 0
BBX 10 11 0 -2
BITMAP
1000
1000
1100
F900
2480
2480
2480
4400
4400
1800
0000
ENDCHAR
STARTCHAR 0x242C
ENCODING 12364
SWIDTH 960 0
DWIDTH 10 0
BBX 10 11 0 -2
BITMAP
1100
1480
1200
F800
2500
2500
2480
4480
4400
1800
0000
ENDCHAR
STARTCHAR 0x242D
ENCODING 12365
SWIDTH 960 0
DWIDTH 10 0
BBX 10 11 0 -2
BITMAP
0800
0B00
7C00
0580
FE00
0400
3A00
4600
4000
3C00
0000
ENDCHAR
STARTCHAR 0x242E
ENCODING 12366
SWIDTH 960 0
DWIDTH 10 0
BBX 10 11 0 -2
BITMAP
1100
1480
7A00
0800
FF80
0400
3A00
4600
4000
3C00
0000
ENDCHAR
STARTCHAR 0x242F
ENCODING 12367
SWIDTH 960 0
DWIDTH 10 0
BBX 10 11 0 -2
BITMAP
0000
0400
0800
1000
2000
2000
1000
0800
0400
0400
0000
ENDCHAR
STARTCHAR 0x2430
ENCODING 12368
SWIDTH 960 0
DWIDTH 10 0
BBX 10 11 0 -2
BITMAP
0000
0800
1100
2480
4200
4000
2000
1000
0800
0800
0000
ENDCHAR
STARTCHAR 0x2431
ENCODING 12369
SWIDTH 960 0
DWIDTH 10 0
BBX 10 11 0 -2
BITMAP
0200
4200
4200
9F80
8200
8200
8200
8200
4400
5800
0000
ENDCHAR
STARTCHAR 0x2432
ENCODING 12370
SWIDTH 960 0
DWIDTH 10 0
BBX 10 11 0 -2
BITMAP
0100
4480
4200
9F80
8200
8200
8200
8200
4400
5800
0000
ENDCHAR
STARTCHAR 0x2433
ENCODING 12371
SWIDTH 960 0
DWIDTH 10 0
BBX 10 11 0 -2
BITMAP
0000
0000
3E00
0000
0000
0000
2000
4000
4100
3E00
0000
ENDCHAR
STARTCHAR 0x2434
ENCODING 12372
SWIDTH 960 0
DWIDTH 10 0
BBX 10 11 0 -2
BITMAP
0000
0000
7D00
0080
0200
0100
4000
8000
8200
7C00
0000
ENDCHAR
STARTCHAR 0x2435
ENCODING 12373
SWIDTH 960 0
DWIDTH 10 0
BBX 10 11 0 -2
BITMAP
0400
0400
0580
FE00
0200
1D00
2300
2000
1000
0E00
0000
ENDCHAR
STARTCHAR 0x2436
ENCODING 12374
SWIDTH 960 0
DWIDTH 10 0
BBX 10 11 0 -2
BITMAP
0900
0880
0A00
FD00
0400
3A00
4600
4000
2000
1C00
0000
ENDCHAR
STARTCHAR 0x2437
ENCODING 12375
SWIDTH 960 0
DWIDTH 10 0
BBX 10 11 0 -2
BITMAP
0000
2000
2000
2000
4000
4000
4100
4100
2200
1C00
0000
ENDCHAR
STARTCHAR 0x2438
ENCODING 12376
SWIDTH 960 0
DWIDTH 10 0
BBX 10 11 0 -2
BITMAP
0000
2100
2480
2200
4000
4000
4100
4100
2200
1C00
0000
ENDCHAR
STARTCHAR 0x2439
ENCODING 12377
SWIDTH 960 0
DWIDTH 10 0
BBX 10 11 0 -2
BITMAP
0400
0400
FF80
0400
1C00
2400
2400
1C00
0800
3000
0000
ENDCHAR
STARTCHAR 0x243A
ENCODING 12378
SWIDTH 960 0
DWIDTH 10 0
BBX 10 11 0 -2
BITMAP
0400
0400
FF80
0400
1D00
2480
2600
1D00
0800
3000
0000
ENDCHAR
STARTCHAR 0x243B
ENCODING 12379
SWIDTH 960 0
DWIDTH 10 0
BBX 10 11 0 -2
BITMAP
0200
2200
2200
2780
FA00
2200
2600
2000
2000
1F00
0000
ENDCHAR
STARTCHAR 0x243C
ENCODING 12380
SWIDTH 960 0
DWIDTH 10 0
BBX 10 11 0 -2
BITMAP
0100
2480
2200
2780
FA00
2200
2600
2000
2000
1F00
0000
ENDCHAR
STARTCHAR 0x243D
ENCODING 12381
SWIDTH 960 0
DWIDTH 10 0
BBX 10 11 0 -2
BITMAP
0000
3F00
0200
0400
0800
7F80
0800
1000
1000
0E00
0000
ENDCHAR
STARTCHAR 0x243E
ENCODING 12382
SWIDTH 960 0
DWIDTH 10 0
BBX 10 11 0 -2
BITMAP
0000
7D00
0480
0A00
1000
FF00
1000
2000
2000
1C00
0000
ENDCHAR
STARTCHAR 0x243F
ENCODING 12383
SWIDTH 960 0
DWIDTH 10 0
BBX 10 11 0 -2
BITMAP
1000
1000
FE00
1000
1780
2000
2200
2400
4400
4380
0000
ENDCHAR
STARTCHAR 0x2440
ENCODING 12384
SWIDTH 960 0
DWIDTH 10 0
BBX 10 11 0 -2
BITMAP
2100
2480
FA00
2000
2F00
4000
4400
4800
8800
8700
0000
ENDCHAR
STARTCHAR 0x2441
ENCODING 12385
SWIDTH 960 0
DWIDTH 10 0
BBX 10 11 0 -2
BITMAP
1000
1000
1780
F800
1000
2E00
3100
0100
0200
1C00
0000
ENDCHAR
STARTCHAR 0x2442
ENCODING 12386
SWIDTH 960 0
DWIDTH 10 0
BBX 10 11 0 -2
BITMAP
1100
1080
1600
F900
1000
2E00
3100
0100
0200
1C00
0000
ENDCHAR
STARTCHAR 0x2443
ENCODING 12387
SWIDTH 960 0
DWIDTH 10 0
BBX 10 11 0 -2
BITMAP
0000
0000
0000
0000
0C00
7200
0100
0100
0200
1C00
0000
ENDCHAR
STARTCHAR 0x2444
ENCODING 12388
SWIDTH 960 0
DWIDTH 10 0
BBX 10 11 0 -2
BITMAP
0000
0000
1C00
E200
0100
0100
0100
0600
3800
0000
0000
ENDCHAR
STARTCHAR 0x2445
ENCODING 12389
SWIDTH 960 0
DWIDTH 10 0
BBX 10 11 0 -2
BITMAP
0900
0480
1C00
E200
0100
0100
0100
0600
3800
0000
0000
ENDCHAR
STARTCHAR 0x2446
ENCODING 12390
SWIDTH 960 0
DWIDTH 10 0
BBX 10 11 0 -2
BITMAP
0000
0000
1F80
E400
0800
1000
1000
1000
0800
0600
0000
ENDCHAR
STARTCHAR 0x2447
ENCODING 12391
SWIDTH 960 0
DWIDTH 10 0
BBX 10 11 0 -2
BITMAP
0000
0000
1F80
E800
1100
2480
2200
2000
1000
0C00
0000
ENDCHAR
STARTCHAR 0x2448
ENCODING 12392
SWIDTH 960 0
DWIDTH 10 0
BBX 10 11 0 -2
BITMAP
0000
1000
1000
1000
0B00
0C00
1000
2000
2000
1F00
0000
ENDCHAR
STARTCHAR 0x2449
ENCODING 12393
SWIDTH 960 0
DWIDTH 10 0
BBX 10 11 0 -2
BITMAP
0100
2480
2200
2000
1600
1800
2000
4000
4000
3E00
0000
ENDCHAR
STARTCHAR 0x244A
ENCODING 12394
SWIDTH 960 0
DWIDTH 10 0
BBX 10 11 0 -2
BITMAP
1000
1100
FC80
2000
4200
4200
8E00
9300
1280
0C00
0000
ENDCHAR
STARTCHAR 0x244B
ENCODING 12395
SWIDTH 960 0
DWIDTH 10 0
BBX 10 11 0 -2
BITMAP
0000
2000
2780
4000
4000
4400
4800
4800
2780
2000
0000
ENDCHAR
STARTCHAR 0x244C
ENCODING 12396
SWIDTH 960 0
DWIDTH 10 0
BBX 10 11 0 -2
BITMAP
0400
4400
4400
5E00
6500
4480
A880
AE80
9900
6680
0000
ENDCHAR
STARTCHAR 0x244D
ENCODING 12397
SWIDTH 960 0
DWIDTH 10 0
BBX 10 11 0 -2
BITMAP
2000
2000
2600
E900
3080
2080
6380
A480
2480
2300
0000
ENDCHAR
STARTCHAR 0x244E
ENCODING 12398
SWIDTH 960 0
DWIDTH 10 0
BBX 10 11 0 -2
BITMAP
0000
0000
1E00
2900
4880
8880
9080
9080
6100
0600
0000
ENDCHAR
STARTCHAR 0x244F
ENCODING 12399
SWIDTH 960 0
DWIDTH 10 0
BBX 10 11 0 -2
BITMAP
0200
4200
4200
9F80
8200
8200
8E00
9300
5280
4C00
0000
ENDCHAR
STARTCHAR 0x2450
ENCODING 12400
SWIDTH 960 0
DWIDTH 10 0
BBX 10 11 0 -2
BITMAP
0100
4480
4200
9F80
8200
8200
8E00
9300
5280
4C00
0000
ENDCHAR
STARTCHAR 0x2451
ENCODING 12401
SWIDTH 960 0
DWIDTH 10 0
BBX 10 11 0 -2
BITMAP
0300
4480
4480
9F00
8200
8200
8E00
9300
5280
4C00
0000
ENDCHAR
STARTCHAR 0x2452
ENCODING 12402
SWIDTH 960 0
DWIDTH 10 0
BBX 10 11 0 -2
BITMAP
0000
0400
F400
1200
2300
2280
4200
4200
4400
3800
0000
ENDCHAR
STARTCHAR 0x2453
ENCODING 12403
SWIDTH 960 0
DWIDTH 10 0
BBX 10 11 0 -2
BITMAP
0100
0480
F200
1000
2200
2300
4280
4200
4400
3800
0000
ENDCHAR
STARTCHAR 0x2454
ENCODING 12404
SWIDTH 960 0
DWIDTH 10 0
BBX 10 11 0 -2
BITMAP
0300
0480
F480
1300
2280
2200
4200
4200
4400
3800
0000
ENDCHAR
STARTCHAR 0x2455
ENCODING 12405
SWIDTH 960 0
DWIDTH 10 0
BBX 10 11 0 -2
BITMAP
0000
3E00
0200
0400
0800
4900
4500
8480
8480
1800
0000
ENDCHAR
STARTCHAR 0x2456
ENCODING 12406
SWIDTH 960 0
DWIDTH 10 0
BBX 10 11 0 -2
BITMAP
0100
3C80
0200
0500
0800
4900
4500
8480
8480
1800
0000
ENDCHAR
STARTCHAR 0x2457
ENCODING 12407
SWIDTH 960 0
DWIDTH 10 0
BBX 10 11 0 -2
BITMAP
0300
3C80
0480
0700
0800
4900
4500
8480
8480
1800
0000
ENDCHAR
STARTCHAR 0x2458
ENCODING 12408
SWIDTH 960 0
DWIDTH 10 0
BBX 10 11 0 -2
BITMAP
0000
0000
0000
0000
3800
4400
8200
0180
0000
0000
0000
ENDCHAR
STARTCHAR 0x2459
ENCODING 12409
SWIDTH 960 0
DWIDTH 10 0
BBX 10 11 0 -2
BITMAP
0000
0100
0480
0200
3800
4400
8200
0180
0000
0000
0000
ENDCHAR
STARTCHAR 0x245A
ENCODING 12410
SWIDTH 960 0
DWIDTH 10 0
BBX 10 11 0 -2
BITMAP
0300
0480
0480
0300
3800
4400
8200
0180
0000
0000
0000
ENDCHAR
STARTCHAR 0x245B
ENCODING 12411
SWIDTH 960 0
DWIDTH 10 0
BBX 10 11 0 -2
BITMAP
0000
5F80
4200
8200
9F80
8200
8E00
9300
5280
4C00
0000
ENDCHAR
STARTCHAR 0x245C
ENCODING 12412
SWIDTH 960 0
DWIDTH 10 0
BBX 10 11 0 -2
BITMAP
0080
5E40
4300
8200
9F80
8200
8E00
9300
5280
4C00
0000
ENDCHAR
STARTCHAR 0x245D
ENCODING 12413
SWIDTH 960 0
DWIDTH 10 0
BBX 10 11 0 -2
BITMAP
0300
5C80
4480
8300
9E00
8200
8E00
9300
5280
4C00
0000
ENDCHAR
STARTCHAR 0x245E
ENCODING 12414
SWIDTH 960 0
DWIDTH 10 0
BBX 10 11 0 -2
BITMAP
0400
0400
FF80
0400
7F00
0400
3C00
4600
4500
3800
0000
ENDCHAR
STARTCHAR 0x245F
ENCODING 12415
SWIDTH 960 0
DWIDTH 10 0
BBX 10 11 0 -2
BITMAP
0000
7800
0900
0900
0900
7F00
9180
9100
6200
0C00
0000
ENDCHAR
STARTCHAR 0x2460
ENCODING 12416
SWIDTH 960 0
DWIDTH 10 0
BBX 10 11 0 -2
BITMAP
1000
1000
F900
1080
7000
9000
9000
6100
2100
1E00
0000
ENDCHAR
STARTCHAR 0x2461
ENCODING 12417
SWIDTH 960 0
DWIDTH 10 0
BBX 10 11 0 -2
BITMAP
0400
2400
2400
3E00
6500
A880
A880
9080
6100
0600
0000
ENDCHAR
STARTCHAR 0x2462
ENCODING 12418
SWIDTH 960 0
DWIDTH 10 0
BBX 10 11 0 -2
BITMAP
0800
0800
7F00
0800
0800
7F00
1000
1100
1100
0E00
0000
ENDCHAR
STARTCHAR 0x2463
ENCODING 12419
SWIDTH 960 0
DWIDTH 10 0
BBX 10 11 0 -2
BITMAP
0000
0000
0000
0400
2400
2E00
7500
1100
0A00
0800
0000
ENDCHAR
STARTCHAR 0x2464
ENCODING 12420
SWIDTH 960 0
DWIDTH 10 0
BBX 10 11 0 -2
BITMAP
0400
2400
2400
2F00
F280
1080
1300
0800
0800
0800
0000
ENDCHAR
STARTCHAR 0x2465
ENCODING 12421
SWIDTH 960 0
DWIDTH 10 0
BBX 10 11 0 -2
BITMAP
0000
0000
0000
0400
4E00
5500
5500
2E00
2400
0800
0000
ENDCHAR
STARTCHAR 0x2466
ENCODING 12422
SWIDTH 960 0
DWIDTH 10 0
BBX 10 11 0 -2
BITMAP
0400
0400
1F00
A480
A480
4480
5480
4F00
0400
1800
0000
ENDCHAR
STARTCHAR 0x2467
ENCODING 12423
SWIDTH 960 0
DWIDTH 10 0
BBX 10 11 0 -2
BITMAP
0000
0000
0000
0800
0800
0E00
0800
3800
4C00
3200
0000
ENDCHAR
STARTCHAR 0x2468
ENCODING 12424
SWIDTH 960 0
DWIDTH 10 0
BBX 10 11 0 -2
BITMAP
0800
0800
0800
0F00
0800
0800
3C00
4600
4500
3800
0000
ENDCHAR
STARTCHAR 0x2469
ENCODING 12425
SWIDTH 960 0
DWIDTH 10 0
BBX 10 11 0 -2
BITMAP
0000
3000
0C00
0000
4000
5E00
6100
0100
0200
3C00
0000
ENDCHAR
STARTCHAR 0x246A
ENCODING 12426
SWIDTH 960 0
DWIDTH 10 0
BBX 10 11 0 -2
BITMAP
0000
2200
2200
2200
2200
2A00
1200
0200
0400
1800
0000
ENDCHAR
STARTCHAR 0x246B
ENCODING 12427
SWIDTH 960 0
DWIDTH 10 0
BBX 10 11 0 -2
BITMAP
0000
3E00
0400
0800
1C00
6200
1900
2500
2600
1C00
0000
ENDCHAR
STARTCHAR 0x246C
ENCODING 12428
SWIDTH 960 0
DWIDTH 10 0
BBX 10 11 0 -2
BITMAP
2000
2000
2600
E900
3100
2100
6200
A200
2200
2180
0000
ENDCHAR
STARTCHAR 0x246D
ENCODING 12429
SWIDTH 960 0
DWIDTH 10 0
BBX 10 11 0 -2
BITMAP
0000
3E00
0400
0800
1C00
6200
0100
0100
0200
3C00
0000
ENDCHAR
STARTCHAR 0x246E
ENCODING 12430
SWIDTH 960 0
DWIDTH 10 0
BBX 10 11 0 -2
BITMAP
0000
0000
0000
1000
1000
7600
1900
1100
3100
5600
0000
ENDCHAR
STARTCHAR 0x246F
ENCODING 12431
SWIDTH 960 0
DWIDTH 10 0
BBX 10 11 0 -2
BITMAP
2000
2000
2600
E900
3080
2080
6080
A080
2100
2600
0000
ENDCHAR
STARTCHAR 0x2470
ENCODING 12432
SWIDTH 960 0
DWIDTH 10 0
BBX 10 11 0 -2
BITMAP
0000
7C00
0400
3E00
4900
8880
8B80
9480
6480
0300
0000
ENDCHAR
STARTCHAR 0x2471
ENCODING 12433
SWIDTH 960 0
DWIDTH 10 0
BBX 10 11 0 -2
BITMAP
0000
7F00
0400
1E00
6100
1900
3E00
2000
7300
8C80
0000
ENDCHAR
STARTCHAR 0x2472
ENCODING 12434
SWIDTH 960 0
DWIDTH 10 0
BBX 10 11 0 -2
BITMAP
0800
0800
7F00
1000
1980
2600
4A00
1200
1000
0F00
0000
ENDCHAR
STARTCHAR 0x2473
ENCODING 12435
SWIDTH 960 0
DWIDTH 10 0
BBX 10 11 0 -2
BITMAP
0000
0800
0800
1000
1000
1800
2400
2480
4480
4300
0000
ENDCHAR
STARTCHAR U+3094
ENCODING 12436
SWIDTH 960 0
DWIDTH 10 0
BBX 10 11 0 -2
BITMAP
0000
1800
0600
0000
1E00
6100
0100
0100
0600
1800
0000
ENDCHAR
STARTCHAR U+3095
ENCODING 12437
SWIDTH 960 0
DWIDTH 10 0
BBX 10 11 0 -2
BITMAP
1000
1000
1100
F900
2480
2480
2480
4400
4400
1800
0000
ENDCHAR
STARTCHAR U+3096
ENCODING 12438
SWIDTH 960 0
DWIDTH 10 0
BBX 10 11 0 -2
BITMAP
0200
4200
4200
9F80
8200
8200
8200
8200
4400
5800
0000
ENDCHAR
STARTCHAR U+3097
ENCODING 12439
SWIDTH 960 0
DWIDTH 10 0
BBX 10 11 0 -2
BITMAP
1000
4800
2000
0000
0000
0000
0000
0000
0000
0000
0000
ENDCHAR
STARTCHAR U+3098
ENCODING 12440
SWIDTH 960 0
DWIDTH 10 0
BBX 10 11 0 -2
BITMAP
3000
4800
4800
3000
0000
0000
0000
0000
0000
0000
0000
ENDCHAR
STARTCHAR U+3099
ENCODING 12441
SWIDTH 960 0
DWIDTH 10 0
BBX 10 11 0 -2
BITMAP
1000
4800
2000
0000
0000
0000
0000
0000
0000
0000
0000
ENDCHAR
STARTCHAR U+309A
ENCODING 12442
SWIDTH 960 0
DWIDTH 10 0
BBX 10 11 0 -2
BITMAP
3000
4800
4800
3000
0000
0000
0000
0000
0000
0000
0000
ENDCHAR
STARTCHAR 0x212B
ENCODING 12443
SWIDTH 960 0
DWIDTH 10 0
BBX 10 11 0 -2
BITMAP
1000
4800
2000
0000
0000
0000
0000
0000
0000
0000
0000
ENDCHAR
STARTCHAR 0x212C
ENCODING 12444
SWIDTH 960 0
DWIDTH 10 0
BBX 10 11 0 -2
BITMAP
3000
4800
4800
3000
0000
0000
0000
0000
0000
0000
0000
ENDCHAR
STARTCHAR 0x2135
ENCODING 12445
SWIDTH 960 0
DWIDTH 10 0
BBX 10 11 0 -2
BITMAP
0000
0000
0000
2000
1000
0800
0400
3C00
0000
0000
0000
ENDCHAR
STARTCHAR 0x2136
ENCODING 12446
SWIDTH 960 0
DWIDTH 10 0
BBX 10 11 0 -2
BITMAP
0000
0100
0480
2200
1000
0800
0400
3C00
0000
0000
0000
ENDCHAR
STARTCHAR U+309F
ENCODING 12447
SWIDTH 960 0
DWIDTH 10 0
BBX 10 11 0 -2
BITMAP
0000
0100
0480
2200
1000
0800
0400
3C00
0000
0000
0000
ENDCHAR
STARTCHAR U+30A0
ENCODING 12448
SWIDTH 960 0
DWIDTH 10 0
BBX 10 11 0 -2
BITMAP
0000
0000
0000
0000
4000
3F80
0000
0000
0000
0000
0000
ENDCHAR
STARTCHAR 0x2521
ENCODING 12449
SWIDTH 960 0
DWIDTH 10 0
BBX 10 11 0 -2
BITMAP
0000
0000
0000
0000
3F00
0100
0A00
0800
0800
3000
0000
ENDCHAR
STARTCHAR 0x2522
ENCODING 12450
SWIDTH 960 0
DWIDTH 10 0
BBX 10 11 0 -2
BITMAP
0000
0000
7F80
0080
0900
0A00
0800
0800
1000
6000
0000
ENDCHAR
STARTCHAR 0x2523
ENCODING 12451
SWIDTH 960 0
DWIDTH 10 0
BBX 10 11 0 -2
BITMAP
0000
0000
0000
0100
0200
0C00
3400
0400
0400
0400
0000
ENDCHAR
STARTCHAR 0x2524
ENCODING 12452
SWIDTH 960 0
DWIDTH 10 0
BBX 10 11 0 -2
BITMAP
0000
0100
0100
0200
0400
1C00
6400
0400
0400
0400
0000
ENDCHAR
STARTCHAR 0x2525
ENCODING 12453
SWIDTH 960 0
DWIDTH 10 0
BBX 10 11 0 -2
BITMAP
0000
0000
0000
0800
0800
3F00
2100
2100
0200
0C00
0000
ENDCHAR
STARTCHAR 0x2526
ENCODING 12454
SWIDTH 960 0
DWIDTH 10 0
BBX 10 11 0 -2
BITMAP
0800
0800
0800
7F80
4080
4080
0100
0100
0600
1800
0000
ENDCHAR
STARTCHAR 0x2527
ENCODING 12455
SWIDTH 960 0
DWIDTH 10 0
BBX 10 11 0 -2
BITMAP
0000
0000
0000
0000
3E00
0800
0800
0800
0800
7F00
0000
ENDCHAR
STARTCHAR 0x2528
ENCODING 12456
SWIDTH 960 0
DWIDTH 10 0
BBX 10 11 0 -2
BITMAP
0000
0000
7F00
0800
0800
0800
0800
0800
FF80
0000
0000
ENDCHAR
STARTCHAR 0x2529
ENCODING 12457
SWIDTH 960 0
DWIDTH 10 0
BBX 10 11 0 -2
BITMAP
0000
0000
0000
0200
0200
3F00
0600
0A00
3200
0600
0000
ENDCHAR
STARTCHAR 0x252A
ENCODING 12458
SWIDTH 960 0
DWIDTH 10 0
BBX 10 11 0 -2
BITMAP
0400
0400
0400
FF80
0400
0C00
3400
C400
0400
1C00
0000
ENDCHAR
STARTCHAR 0x252B
ENCODING 12459
SWIDTH 960 0
DWIDTH 10 0
BBX 10 11 0 -2
BITMAP
0800
0800
0800
7F80
0880
0880
0880
1080
1080
6300
0000
ENDCHAR
STARTCHAR 0x252C
ENCODING 12460
SWIDTH 960 0
DWIDTH 10 0
BBX 10 11 0 -2
BITMAP
1100
1480
1200
FF00
1100
1100
1100
2100
2100
C600
0000
ENDCHAR
STARTCHAR 0x252D
ENCODING 12461
SWIDTH 960 0
DWIDTH 10 0
BBX 10 11 0 -2
BITMAP
0800
0800
0800
FF00
0800
0800
FF80
0400
0400
0400
0000
ENDCHAR
STARTCHAR 0x252E
ENCODING 12462
SWIDTH 960 0
DWIDTH 10 0
BBX 10 11 0 -2
BITMAP
1100
1080
1200
FD00
0800
0800
FF80
0400
0400
0400
0000
ENDCHAR
STARTCHAR 0x252F
ENCODING 12463
SWIDTH 960 0
DWIDTH 10 0
BBX 10 11 0 -2
BITMAP
1000
1000
1F00
1100
2100
4100
0200
0200
0C00
3000
0000
ENDCHAR
STARTCHAR 0x2530
ENCODING 12464
SWIDTH 960 0
DWIDTH 10 0
BBX 10 11 0 -2
BITMAP
0100
2480
2200
3E00
4200
8200
0400
0400
1800
6000
0000
ENDCHAR
STARTCHAR 0x2531
ENCODING 12465
SWIDTH 960 0
DWIDTH 10 0
BBX 10 11 0 -2
BITMAP
2000
2000
2000
3F80
4400
4400
0400
0400
0800
3000
0000
ENDCHAR
STARTCHAR 0x2532
ENCODING 12466
SWIDTH 960 0
DWIDTH 10 0
BBX 10 11 0 -2
BITMAP
4100
4480
4200
7F00
8800
8800
0800
0800
1000
6000
0000
ENDCHAR
STARTCHAR 0x2533
ENCODING 12467
SWIDTH 960 0
DWIDTH 10 0
BBX 10 11 0 -2
BITMAP
0000
0000
7F00
0100
0100
0100
0100
0100
7F00
0100
0000
ENDCHAR
STARTCHAR 0x2534
ENCODING 12468
SWIDTH 960 0
DWIDTH 10 0
BBX 10 11 0 -2
BITMAP
0900
0480
FE00
0200
0200
0200
0200
0200
FE00
0200
0000
ENDCHAR
STARTCHAR 0x2535
ENCODING 12469
SWIDTH 960 0
DWIDTH 10 0
BBX 10 11 0 -2
BITMAP
0200
2200
2200
FF80
2200
2200
0200
0200
0400
1800
0000
ENDCHAR
STARTCHAR 0x2536
ENCODING 12470
SWIDTH 960 0
DWIDTH 10 0
BBX 10 11 0 -2
BITMAP
0100
2480
2200
FF80
2200
2200
0200
0200
0400
1800
0000
ENDCHAR
STARTCHAR 0x2537
ENCODING 12471
SWIDTH 960 0
DWIDTH 10 0
BBX 10 11 0 -2
BITMAP
0000
3000
0C00
0080
6080
1900
0100
0200
0C00
3000
0000
ENDCHAR
STARTCHAR 0x2538
ENCODING 12472
SWIDTH 960 0
DWIDTH 10 0
BBX 10 11 0 -2
BITMAP
0100
6480
1A00
0000
6080
1880
0100
0200
0C00
7000
0000
ENDCHAR
STARTCHAR 0x2539
ENCODING 12473
SWIDTH 960 0
DWIDTH 10 0
BBX 10 11 0 -2
BITMAP
0000
0000
7E00
0200
0200
0400
0400
0A00
3100
C100
0000
ENDCHAR
STARTCHAR 0x253A
ENCODING 12474
SWIDTH 960 0
DWIDTH 10 0
BBX 10 11 0 -2
BITMAP
0900
0480
7E00
0200
0200
0400
0400
0A00
3100
C100
0000
ENDCHAR
STARTCHAR 0x253B
ENCODING 12475
SWIDTH 960 0
DWIDTH 10 0
BBX 10 11 0 -2
BITMAP
1000
1000
1180
1680
3880
D100
1200
1000
1000
0F80
0000
ENDCHAR
STARTCHAR 0x253C
ENCODING 12476
SWIDTH 960 0
DWIDTH 10 0
BBX 10 11 0 -2
BITMAP
1100
1480
1200
1380
1C80
F100
1200
1000
1000
0F80
0000
ENDCHAR
STARTCHAR 0x253D
ENCODING 12477
SWIDTH 960 0
DWIDTH 10 0
BBX 10 11 0 -2
BITMAP
0000
0080
4080
4080
2080
2100
0100
0200
0C00
3000
0000
ENDCHAR
STARTCHAR 0x253E
ENCODING 12478
SWIDTH 960 0
DWIDTH 10 0
BBX 10 11 0 -2
BITMAP
0900
0480
8000
8100
4100
4200
0200
0400
1800
6000
0000
ENDCHAR
STARTCHAR 0x253F
ENCODING 12479
SWIDTH 960 0
DWIDTH 10 0
BBX 10 11 0 -2
BITMAP
1000
1000
1F00
1100
2900
4500
0200
0200
0C00
7000
0000
ENDCHAR
STARTCHAR 0x2540
ENCODING 12480
SWIDTH 960 0
DWIDTH 10 0
BBX 10 11 0 -2
BITMAP
0900
2480
3E00
2200
5200
8A00
0400
0400
1800
E000
0000
ENDCHAR
STARTCHAR 0x2541
ENCODING 12481
SWIDTH 960 0
DWIDTH 10 0
BBX 10 11 0 -2
BITMAP
0000
0700
7800
0800
0800
FF80
0800
0800
1000
6000
0000
ENDCHAR
STARTCHAR 0x2542
ENCODING 12482
SWIDTH 960 0
DWIDTH 10 0
BBX 10 11 0 -2
BITMAP
0100
0480
7A00
0800
0800
FF80
0800
0800
1000
6000
0000
ENDCHAR
STARTCHAR 0x2543
ENCODING 12483
SWIDTH 960 0
DWIDTH 10 0
BBX 10 11 0 -2
BITMAP
0000
0000
0000
0000
2900
2900
2900
0100
0200
1C00
0000
ENDCHAR
STARTCHAR 0x2544
ENCODING 12484
SWIDTH 960 0
DWIDTH 10 0
BBX 10 11 0 -2
BITMAP
0000
0000
4880
4880
2480
2480
0100
0100
0600
3800
0000
ENDCHAR
STARTCHAR 0x2545
ENCODING 12485
SWIDTH 960 0
DWIDTH 10 0
BBX 10 11 0 -2
BITMAP
0100
0480
9200
9000
4900
4900
0200
0200
0C00
7000
0000
ENDCHAR
STARTCHAR 0x2546
ENCODING 12486
SWIDTH 960 0
DWIDTH 10 0
BBX 10 11 0 -2
BITMAP
0000
7F00
0000
0000
FF80
0800
0800
0800
1000
6000
0000
ENDCHAR
STARTCHAR 0x2547
ENCODING 12487
SWIDTH 960 0
DWIDTH 10 0
BBX 10 11 0 -2
BITMAP
0100
7C80
0200
0000
FF80
0800
0800
0800
1000
6000
0000
ENDCHAR
STARTCHAR 0x2548
ENCODING 12488
SWIDTH 960 0
DWIDTH 10 0
BBX 10 11 0 -2
BITMAP
0000
2000
2000
2000
3000
2C00
2300
2000
2000
2000
0000
ENDCHAR
STARTCHAR 0x2549
ENCODING 12489
SWIDTH 960 0
DWIDTH 10 0
BBX 10 11 0 -2
BITMAP
0100
2480
2200
2000
3000
2C00
2300
2000
2000
2000
0000
ENDCHAR
STARTCHAR 0x254A
ENCODING 12490
SWIDTH 960 0
DWIDTH 10 0
BBX 10 11 0 -2
BITMAP
0400
0400
0400
7F80
0400
0400
0400
0400
0800
3000
0000
ENDCHAR
STARTCHAR 0x254B
ENCODING 12491
SWIDTH 960 0
DWIDTH 10 0
BBX 10 11 0 -2
BITMAP
0000
0000
3F00
0000
0000
0000
0000
0000
7F80
0000
0000
ENDCHAR
STARTCHAR 0x254C
ENCODING 12492
SWIDTH 960 0
DWIDTH 10 0
BBX 10 11 0 -2
BITMAP
0000
0000
7F00
0100
0100
1200
0A00
0400
1A00
6100
0000
ENDCHAR
STARTCHAR 0x254D
ENCODING 12493
SWIDTH 960 0
DWIDTH 10 0
BBX 10 11 0 -2
BITMAP
0800
0800
0800
7F00
0200
0400
1A00
E900
0880
0800
0000
ENDCHAR
STARTCHAR 0x254E
ENCODING 12494
SWIDTH 960 0
DWIDTH 10 0
BBX 10 11 0 -2
BITMAP
0000
0000
0100
0100
0100
0200
0200
0400
1800
6000
0000
ENDCHAR
STARTCHAR 0x254F
ENCODING 12495
SWIDTH 960 0
DWIDTH 10 0
BBX 10 11 0 -2
BITMAP
0000
0000
1000
1100
1100
2100
2080
2080
4080
4080
0000
ENDCHAR
STARTCHAR 0x2550
ENCODING 12496
SWIDTH 960 0
DWIDTH 10 0
BBX 10 11 0 -2
BITMAP
0100
0480
2200
2000
2000
4200
4200
4100
8100
8100
0000
ENDCHAR
STARTCHAR 0x2551
ENCODING 12497
SWIDTH 960 0
DWIDTH 10 0
BBX 10 11 0 -2
BITMAP
0300
0480
2480
2300
2000
4200
4200
4100
8100
8100
0000
ENDCHAR
STARTCHAR 0x2552
ENCODING 12498
SWIDTH 960 0
DWIDTH 10 0
BBX 10 11 0 -2
BITMAP
0000
4000
4000
4300
4C00
7000
4000
4000
4000
3F00
0000
ENDCHAR
STARTCHAR 0x2553
ENCODING 12499
SWIDTH 960 0
DWIDTH 10 0
BBX 10 11 0 -2
BITMAP
0100
4480
4200
4000
4700
7800
4000
4000
4000
3F00
0000
ENDCHAR
STARTCHAR 0x2554
ENCODING 12500
SWIDTH 960 0
DWIDTH 10 0
BBX 10 11 0 -2
BITMAP
0300
4480
4480
4300
4C00
7000
4000
4000
4000
3F00
0000
ENDCHAR
STARTCHAR 0x2555
ENCODING 12501
SWIDTH 960 0
DWIDTH 10 0
BBX 10 11 0 -2
BITMAP
0000
0000
7F80
0080
0080
0080
0100
0100
0600
3800
0000
ENDCHAR
STARTCHAR 0x2556
ENCODING 12502
SWIDTH 960 0
DWIDTH 10 0
BBX 10 11 0 -2
BITMAP
0900
0480
FF00
0100
0100
0100
0200
0200
0C00
7000
0000
ENDCHAR
STARTCHAR 0x2557
ENCODING 12503
SWIDTH 960 0
DWIDTH 10 0
BBX 10 11 0 -2
BITMAP
0300
0480
FC80
0300
0200
0200
0400
0400
1800
6000
0000
ENDCHAR
STARTCHAR 0x2558
ENCODING 12504
SWIDTH 960 0
DWIDTH 10 0
BBX 10 11 0 -2
BITMAP
0000
0000
0000
3000
4800
8400
0200
0180
0000
0000
0000
ENDCHAR
STARTCHAR 0x2559
ENCODING 12505
SWIDTH 960 0
DWIDTH 10 0
BBX 10 11 0 -2
BITMAP
0000
0100
0480
0200
3000
4800
8400
0200
0180
0000
0000
ENDCHAR
STARTCHAR 0x255A
ENCODING 12506
SWIDTH 960 0
DWIDTH 10 0
BBX 10 11 0 -2
BITMAP
0000
0300
0480
0480
3300
4800
8400
0200
0180
0000
0000
ENDCHAR
STARTCHAR 0x255B
ENCODING 12507
SWIDTH 960 0
DWIDTH 10 0
BBX 10 11 0 -2
BITMAP
0800
0800
0800
FF80
0800
0800
4900
8880
0800
1800
0000
ENDCHAR
STARTCHAR 0x255C
ENCODING 12508
SWIDTH 960 0
DWIDTH 10 0
BBX 10 11 0 -2
BITMAP
0500
0A80
0800
FF80
0800
0800
4900
8880
0800
1800
0000
ENDCHAR
STARTCHAR 0x255D
ENCODING 12509
SWIDTH 960 0
DWIDTH 10 0
BBX 10 11 0 -2
BITMAP
0980
0A40
0A40
FF80
0800
0800
4900
8880
0800
1800
0000
ENDCHAR
STARTCHAR 0x255E
ENCODING 12510
SWIDTH 960 0
DWIDTH 10 0
BBX 10 11 0 -2
BITMAP
0000
0000
7F80
0080
0100
2200
1400
0800
0400
0200
0000
ENDCHAR
STARTCHAR 0x255F
ENCODING 12511
SWIDTH 960 0
DWIDTH 10 0
BBX 10 11 0 -2
BITMAP
0000
3800
0700
0000
1800
0600
0000
0000
3800
0700
0000
ENDCHAR
STARTCHAR 0x2560
ENCODING 12512
SWIDTH 960 0
DWIDTH 10 0
BBX 10 11 0 -2
BITMAP
0000
1000
1000
1000
2100
2100
2100
4680
7880
0080
0000
ENDCHAR
STARTCHAR 0x2561
ENCODING 12513
SWIDTH 960 0
DWIDTH 10 0
BBX 10 11 0 -2
BITMAP
0000
0100
0100
1100
0900
0600
0200
0500
1880
6000
0000
ENDCHAR
STARTCHAR 0x2562
ENCODING 12514
SWIDTH 960 0
DWIDTH 10 0
BBX 10 11 0 -2
BITMAP
0000
0000
7F00
1000
1000
FF80
1000
1000
1000
0F00
0000
ENDCHAR
STARTCHAR 0x2563
ENCODING 12515
SWIDTH 960 0
DWIDTH 10 0
BBX 10 11 0 -2
BITMAP
0000
0000
0000
1000
1000
1700
3900
0A00
0800
0800
0000
ENDCHAR
STARTCHAR 0x2564
ENCODING 12516
SWIDTH 960 0
DWIDTH 10 0
BBX 10 11 0 -2
BITMAP
1000
1000
1380
1C80
F080
1100
0900
0800
0800
0800
0000
ENDCHAR
STARTCHAR 0x2565
ENCODING 12517
SWIDTH 960 0
DWIDTH 10 0
BBX 10 11 0 -2
BITMAP
0000
0000
0000
0000
3C00
0400
0400
0400
7F00
0000
0000
ENDCHAR
STARTCHAR 0x2566
ENCODING 12518
SWIDTH 960 0
DWIDTH 10 0
BBX 10 11 0 -2
BITMAP
0000
0000
7E00
0200
0200
0200
0200
0200
FF80
0000
0000
ENDCHAR
STARTCHAR 0x2567
ENCODING 12519
SWIDTH 960 0
DWIDTH 10 0
BBX 10 11 0 -2
BITMAP
0000
0000
0000
0000
0000
3E00
0200
3E00
0200
3E00
0000
ENDCHAR
STARTCHAR 0x2568
ENCODING 12520
SWIDTH 960 0
DWIDTH 10 0
BBX 10 11 0 -2
BITMAP
0000
0000
7F00
0100
0100
7F00
0100
0100
7F00
0100
0000
ENDCHAR
STARTCHAR 0x2569
ENCODING 12521
SWIDTH 960 0
DWIDTH 10 0
BBX 10 11 0 -2
BITMAP
0000
3F00
0000
0000
7F80
0080
0080
0100
0600
1800
0000
ENDCHAR
STARTCHAR 0x256A
ENCODING 12522
SWIDTH 960 0
DWIDTH 10 0
BBX 10 11 0 -2
BITMAP
0000
2200
2200
2200
2200
2200
0200
0200
0400
1800
0000
ENDCHAR
STARTCHAR 0x256B
ENCODING 12523
SWIDTH 960 0
DWIDTH 10 0
BBX 10 11 0 -2
BITMAP
0000
0800
4800
4800
4880
4880
4900
4900
8A00
8C00
0000
ENDCHAR
STARTCHAR 0x256C
ENCODING 12524
SWIDTH 960 0
DWIDTH 10 0
BBX 10 11 0 -2
BITMAP
0000
2000
2000
2000
2000
2000
2080
2100
2600
3800
0000
ENDCHAR
STARTCHAR 0x256D
ENCODING 12525
SWIDTH 960 0
DWIDTH 10 0
BBX 10 11 0 -2
BITMAP
0000
0000
7F80
4080
4080
4080
4080
4080
7F80
4080
0000
ENDCHAR
STARTCHAR 0x256E
ENCODING 12526
SWIDTH 960 0
DWIDTH 10 0
BBX 10 11 0 -2
BITMAP
0000
0000
0000
0000
3F00
2100
2100
0100
0200
0C00
0000
ENDCHAR
STARTCHAR 0x256F
ENCODING 12527
SWIDTH 960 0
DWIDTH 10 0
BBX 10 11 0 -2
BITMAP
0000
0000
7F80
4080
4080
4080
0100
0100
0600
1800
0000
ENDCHAR
STARTCHAR 0x2570
ENCODING 12528
SWIDTH 960 0
DWIDTH 10 0
BBX 10 11 0 -2
BITMAP
0000
0400
0400
7F00
2400
2400
2400
FF80
0400
0400
0000
ENDCHAR
STARTCHAR 0x2571
ENCODING 12529
SWIDTH 960 0
DWIDTH 10 0
BBX 10 11 0 -2
BITMAP
0000
0000
7F00
0100
0200
0C00
0800
0800
FF80
0000
0000
ENDCHAR
STARTCHAR 0x2572
ENCODING 12530
SWIDTH 960 0
DWIDTH 10 0
BBX 10 11 0 -2
BITMAP
0000
0000
7F00
0100
0100
7F00
0100
0200
0C00
3000
0000
ENDCHAR
STARTCHAR 0x2573
ENCODING 12531
SWIDTH 960 0
DWIDTH 10 0
BBX 10 11 0 -2
BITMAP
0000
0000
6000
1880
0080
0100
0100
0200
0C00
3000
0000
ENDCHAR
STARTCHAR 0x2574
ENCODING 12532
SWIDTH 960 0
DWIDTH 10 0
BBX 10 11 0 -2
BITMAP
1100
1480
1200
FF00
8100
8100
0200
0200
0C00
3000
0000
ENDCHAR
STARTCHAR 0x2575
ENCODING 12533
SWIDTH 960 0
DWIDTH 10 0
BBX 10 11 0 -2
BITMAP
0000
0000
0000
0800
0800
7F00
1100
1100
2100
2600
0000
ENDCHAR
STARTCHAR 0x2576
ENCODING 12534
SWIDTH 960 0
DWIDTH 10 0
BBX 10 11 0 -2
BITMAP
0000
0000
0000
2000
2000
3F00
4400
0400
0800
3000
0000
ENDCHAR
STARTCHAR U+30F7
ENCODING 12535
SWIDTH 960 0
DWIDTH 10 0
BBX 10 11 0 -2
BITMAP
0000
0000
7F80
4080
4080
4080
0100
0100
0600
1800
0000
ENDCHAR
STARTCHAR U+30F8
ENCODING 12536
SWIDTH 960 0
DWIDTH 10 0
BBX 10 11 0 -2
BITMAP
0000
0400
0400
7F00
2400
2400
2400
FF80
0400
0400
0000
ENDCHAR
STARTCHAR U+30F9
ENCODING 12537
SWIDTH 960 0
DWIDTH 10 0
BBX 10 11 0 -2
BITMAP
0000
0000
7F00
0100
0200
0C00
0800
0800
FF80
0000
0000
ENDCHAR
STARTCHAR U+30FA
ENCODING 12538
SWIDTH 960 0
DWIDTH 10 0
BBX 10 11 0 -2
BITMAP
0000
0000
7F00
0100
0100
7F00
0100
0200
0C00
3000
0000
ENDCHAR
STARTCHAR 0x2126
ENCODING 12539
SWIDTH 960 0
DWIDTH 10 0
BBX 10 11 0 -2
BITMAP
0000
0000
0000
0000
0000
1800
1800
0000
0000
0000
0000
ENDCHAR
STARTCHAR 0x213C
ENCODING 12540
SWIDTH 960 0
DWIDTH 10 0
BBX 10 11 0 -2
BITMAP
0000
0000
0000
0000
4000
3F80
0000
0000
0000
0000
0000
ENDCHAR
STARTCHAR 0x2133
ENCODING 12541
SWIDTH 960 0
DWIDTH 10 0
BBX 10 11 0 -2
BITMAP
0000
0000
0000
2000
1000
0800
0400
0400
0000
0000
0000
ENDCHAR
STARTCHAR 0x2134
ENCODING 12542
SWIDTH 960 0
DWIDTH 10 0
BBX 10 11 0 -2
BITMAP
0000
0100
0480
2200
1000
0800
0400
0400
0000
0000
0000
ENDCHAR
STARTCHAR U+30FF
ENCODING 12543
SWIDTH 960 0
DWIDTH 10 0
BBX 10 11 0 -2
BITMAP
0000
0100
0480
2200
1000
0800
0400
0400
0000
0000
0000
ENDCHAR
STARTCHAR U+31F0
ENCODING 12784
SWIDTH 960 0
DWIDTH 10 0
BBX 10 11 0 -2
BITMAP
1000
1000
1F00
1100
2100
4100
0200
0200
0C00
3000
0000
ENDCHAR
STARTCHAR U+31F1
ENCODING 12785
SWIDTH 960 0
DWIDTH 10 0
BBX 10 11 0 -2
BITMAP
0000
3000
0C00
0080
6080
1900
0100
0200
0C00
3000
0000
ENDCHAR
STARTCHAR U+31F2
ENCODING 12786
SWIDTH 960 0
DWIDTH 10 0
BBX 10 11 0 -2
BITMAP
0000
0000
7E00
0200
0200
0400
0400
0A00
3100
C100
0000
ENDCHAR
STARTCHAR U+31F3
ENCODING 12787
SWIDTH 960 0
DWIDTH 10 0
BBX 10 11 0 -2
BITMAP
0000
2000
2000
2000
3000
2C00
2300
2000
2000
2000
0000
ENDCHAR
STARTCHAR U+31F4
ENCODING 12788
SWIDTH 960 0
DWIDTH 10 0
BBX 10 11 0 -2
BITMAP
0000
0000
7F00
0100
0100
1200
0A00
0400
1A00
6100
0000
ENDCHAR
STARTCHAR U+31F5
ENCODING 12789
SWIDTH 960 0
DWIDTH 10 0
BBX 10 11 0 -2
BITMAP
0000
0000
1000
1100
1100
2100
2080
2080
4080
4080
0000
ENDCHAR
STARTCHAR U+31F6
ENCODING 12790
SWIDTH 960 0
DWIDTH 10 0
BBX 10 11 0 -2
BITMAP
0000
4000
4000
4300
4C00
7000
4000
4000
4000
3F00
0000
ENDCHAR
STARTCHAR U+31F7
ENCODING 12791
SWIDTH 960 0
DWIDTH 10 0
BBX 10 11 0 -2
BITMAP
0000
0000
7F80
0080
0080
0080
0100
0100
0600
3800
0000
ENDCHAR
STARTCHAR U+31F8
ENCODING 12792
SWIDTH 960 0
DWIDTH 10 0
BBX 10 11 0 -2
BITMAP
0000
0000
0000
3000
4800
8400
0200
0180
0000
0000
0000
ENDCHAR
STARTCHAR U+31F9
ENCODING 12793
SWIDTH 960 0
DWIDTH 10 0
BBX 10 11 0 -2
BITMAP
0800
0800
0800
FF80
0800
0800
4900
8880
0800
1800
0000
ENDCHAR
STARTCHAR U+31FA
ENCODING 12794
SWIDTH 960 0
DWIDTH 10 0
BBX 10 11 0 -2
BITMAP
0000
1000
1000
1000
2100
2100
2100
4680
7880
0080
0000
ENDCHAR
STARTCHAR U+31FB
ENCODING 12795
SWIDTH 960 0
DWIDTH 10 0
BBX 10 11 0 -2
BITMAP
0000
3F00
0000
0000
7F80
0080
0080
0100
0600
1800
0000
ENDCHAR
STARTCHAR U+31FC
ENCODING 12796
SWIDTH 960 0
DWIDTH 10 0
BBX 10 11 0 -2
BITMAP
0000
2200
2200
2200
2200
2200
0200
0200
0400
1800
0000
ENDCHAR
STARTCHAR U+31FD
ENCODING 12797
SWIDTH 960 0
DWIDTH 10 0
BBX 10 11 0 -2
BITMAP
0000
0800
4800
4800
4880
4880
4900
4900
8A00
8C00
0000
ENDCHAR
STARTCHAR U+31FE
ENCODING 12798
SWIDTH 960 0
DWIDTH 10 0
BBX 10 11 0 -2
BITMAP
0000
2000
2000
2000
2000
2000
2080
2100
2600
3800
0000
ENDCHAR
STARTCHAR U+31FF
ENCODING 12799
SWIDTH 960 0
DWIDTH 10 0
BBX 10 11 0 -2
BITMAP
0000
0000
7F80
4080
4080
4080
4080
4080
7F80
4080
0000
ENDCHAR
STARTCHAR 0x306C
ENCODING 19968
SWIDTH 960 0
DWIDTH 10 0
BBX 10 11 0 -2
BITMAP
0000
0000
0000
0000
0000
FF80
0000
0000
0000
0000
0000
ENDCHAR
STARTCHAR 0x437A
ENCODING 19969
SWIDTH 960 0
DWIDTH 10 0
BBX 10 11 0 -2
BITMAP
0000
FF80
0800
0800
0800
0800
0800
0800
0800
3800
0000
ENDCHAR
STARTCHAR 0x3C37
ENCODING 19971
SWIDTH 960 0
DWIDTH 10 0
BBX 10 11 0 -2
BITMAP
1000
1000
1000
1180
1E00
F000
1000
1080
1080
0F80
0000
ENDCHAR
STARTCHAR 0x3B30
ENCODING 19977
SWIDTH 960 0
DWIDTH 10 0
BBX 10 11 0 -2
BITMAP
0000
7F00
0000
0000
0000
3E00
0000
0000
0000
FF80
0000
ENDCHAR
STARTCHAR 0x3E65
ENCODING 19978
SWIDTH 960 0
DWIDTH 10 0
BBX 10 11 0 -2
BITMAP
0800
0800
0800
0800
0F00
0800
0800
0800
0800
FF80
0000
ENDCHAR
STARTCHAR 0x323C
ENCODING 19979
SWIDTH 960 0
DWIDTH 10 0
BBX 10 11 0 -2
BITMAP
0000
FF80
0800
0800
0C00
0A00
0900
0800
0800
0800
0000
ENDCHAR
STARTCHAR 0x3556
ENCODING 19992
SWIDTH 960 0
DWIDTH 10 0
BBX 10 11 0 -2
BITMAP
0000
0600
3800
2000
3F00
2200
2200
2200
2200
FF80
0000
ENDCHAR
STARTCHAR 0x4E3E
ENCODING 20001
SWIDTH 960 0
DWIDTH 10 0
BBX 10 11 0 -2
BITMAP
0000
FF80
0800
FF80
8880
AA80
AA80
BE80
8080
8180
0000
ENDCHAR
STARTCHAR 0x4366
ENCODING 20013
SWIDTH 960 0
DWIDTH 10 0
BBX 10 11 0 -2
BITMAP
0800
0800
FF80
8880
8880
8880
FF80
0800
0800
0800
0000
ENDCHAR
STARTCHAR 0x345D
ENCODING 20024
SWIDTH 960 0
DWIDTH 10 0
BBX 10 11 0 -2
BITMAP
1000
1000
1000
FE00
1200
5200
3200
1280
2A80
C380
0000
ENDCHAR
STARTCHAR 0x3E68
ENCODING 20055
SWIDTH 960 0
DWIDTH 10 0
BBX 10 11 0 -2
BITMAP
0000
7F00
0800
FF80
4900
FF80
4900
FF80
2A00
C980
0000
ENDCHAR
STARTCHAR 0x467D
ENCODING 20083
SWIDTH 960 0
DWIDTH 10 0
BBX 10 11 0 -2
BITMAP
0000
FA00
2A00
9200
4200
7A00
0A00
FE80
1280
7380
0000
ENDCHAR
STARTCHAR 0x4E3B
ENCODING 20102
SWIDTH 960 0
DWIDTH 10 0
BBX 10 11 0 -2
BITMAP
0000
FF80
0100
0200
0C00
0800
0800
0800
0800
3800
0000
ENDCHAR
STARTCHAR 0x4D3D
ENCODING 20104
SWIDTH 960 0
DWIDTH 10 0
BBX 10 11 0 -2
BITMAP
0000
3E00
0200
0400
0800
FF80
0880
0900
0800
1800
0000
ENDCHAR
STARTCHAR 0x3B76
ENCODING 20107
SWIDTH 960 0
DWIDTH 10 0
BBX 10 11 0 -2
BITMAP
0800
0800
FF80
2A00
2A00
FF00
0980
FF00
0800
1800
0000
ENDCHAR
STARTCHAR 0x4673
ENCODING 20108
SWIDTH 960 0
DWIDTH 10 0
BBX 10 11 0 -2
BITMAP
0000
0000
7F00
0000
0000
0000
0000
0000
FF80
0000
0000
ENDCHAR
STARTCHAR 0x385E
ENCODING 20116
SWIDTH 960 0
DWIDTH 10 0
BBX 10 11 0 -2
BITMAP
0000
7F00
0800
0800
0800
7F00
1100
1100
1100
FF80
0000
ENDCHAR
STARTCHAR 0x3F4D
ENCODING 20154
SWIDTH 960 0
DWIDTH 10 0
BBX 10 11 0 -2
BITMAP
0000
0800
0800
0800
0800
1400
1400
2200
4100
8080
0000
ENDCHAR
STARTCHAR 0x3A23
ENCODING 20170
SWIDTH 960 0
DWIDTH 10 0
BBX 10 11 0 -2
BITMAP
0000
1C00
2200
4100
BE80
0000
7F00
0100
0200
1C00
0000
ENDCHAR
STARTCHAR 0x3B45
ENCODING 20181
SWIDTH 960 0
DWIDTH 10 0
BBX 10 11 0 -2
BITMAP
0200
2200
2200
5F80
C200
4200
4200
4200
4200
5F80
0000
ENDCHAR
STARTCHAR 0x423E
ENCODING 20182
SWIDTH 960 0
DWIDTH 10 0
BBX 10 11 0 -2
BITMAP
0200
2200
2A80
4B80
CE80
5A80
4A00
4800
4880
4F80
0000
ENDCHAR
STARTCHAR 0x4955
ENCODING 20184
SWIDTH 960 0
DWIDTH 10 0
BBX 10 11 0 -2
BITMAP
0100
2100
2100
7F80
C100
5100
4900
4100
4100
4300
0000
ENDCHAR
STARTCHAR 0x376F
ENCODING 20214
SWIDTH 960 0
DWIDTH 10 0
BBX 10 11 0 -2
BITMAP
0200
2A00
2F80
5200
D200
4200
5F80
4200
4200
4200
0000
ENDCHAR
STARTCHAR 0x3559
ENCODING 20241
SWIDTH 960 0
DWIDTH 10 0
BBX 10 11 0 -2
BITMAP
0200
2200
2200
5F80
C200
4600
4B00
5280
4200
4200
0000
ENDCHAR
STARTCHAR 0x3271
ENCODING 20250
SWIDTH 960 0
DWIDTH 10 0
BBX 10 11 0 -2
BITMAP
0000
1C00
2200
4100
BE80
0000
FF80
2200
4500
7900
0000
ENDCHAR
STARTCHAR 0x4463
ENCODING 20302
SWIDTH 960 0
DWIDTH 10 0
BBX 10 11 0 -2
BITMAP
0000
2F80
2900
4900
CF80
4900
4880
4C80
4000
5F80
0000
ENDCHAR
STARTCHAR 0x323F
ENCODING 20309
SWIDTH 960 0
DWIDTH 10 0
BBX 10 11 0 -2
BITMAP
0000
3F80
2080
5E80
D280
5280
5280
5E80
4080
4180
0000
ENDCHAR
STARTCHAR 0x3A6E
ENCODING 20316
SWIDTH 960 0
DWIDTH 10 0
BBX 10 11 0 -2
BITMAP
0800
2800
2F80
5400
D780
4400
4400
4780
4400
4400
0000
ENDCHAR
STARTCHAR 0x3B48
ENCODING 20351
SWIDTH 960 0
DWIDTH 10 0
BBX 10 11 0 -2
BITMAP
0200
2200
3F80
4200
DF80
5280
5F80
4200
4500
5880
0000
ENDCHAR
STARTCHAR 0x3621
ENCODING 20379
SWIDTH 960 0
DWIDTH 10 0
BBX 10 11 0 -2
BITMAP
0900
2900
2900
5F80
C900
4900
7F80
4000
4900
5080
0000
ENDCHAR
STARTCHAR 0x3F2E
ENCODING 20449
SWIDTH 960 0
DWIDTH 10 0
BBX 10 11 0 -2
BITMAP
0000
2F80
2000
5F80
C000
4F80
4000
4F80
4880
4F80
0000
ENDCHAR
STARTCHAR 0x3C5A
ENCODING 20511
SWIDTH 960 0
DWIDTH 10 0
BBX 10 11 0 -2
BITMAP
0900
2900
3F80
4900
C900
7F80
4880
4F80
4880
4F80
0000
ENDCHAR
STARTCHAR 0x3B31
ENCODING 20632
SWIDTH 960 0
DWIDTH 10 0
BBX 10 11 0 -2
BITMAP
0000
3E00
4100
AA80
4900
AA80
4900
FF80
0800
0800
0000
ENDCHAR
STARTCHAR 0x4877
ENCODING 20633
SWIDTH 960 0
DWIDTH 10 0
BBX 10 11 0 -2
BITMAP
0900
2900
3F80
4900
DF80
5000
5F80
7280
5F80
5280
0000
ENDCHAR
STARTCHAR 0x3835
ENCODING 20803
SWIDTH 960 0
DWIDTH 10 0
BBX 10 11 0 -2
BITMAP
0000
7F00
0000
0000
FF80
1400
1400
1400
2480
C780
0000
ENDCHAR
STARTCHAR 0x373B
ENCODING 20804
SWIDTH 960 0
DWIDTH 10 0
BBX 10 11 0 -2
BITMAP
0000
3F00
2100
2100
2100
3F00
1400
1480
2480
C780
0000
ENDCHAR
STARTCHAR 0x3D3C
ENCODING 20805
SWIDTH 960 0
DWIDTH 10 0
BBX 10 11 0 -2
BITMAP
0800
0800
FF80
1200
2100
7E80
1400
1480
2480
C780
0000
ENDCHAR
STARTCHAR 0x4068
ENCODING 20808
SWIDTH 960 0
DWIDTH 10 0
BBX 10 11 0 -2
BITMAP
0800
4800
7F00
4800
8800
FF80
1400
1400
2480
C780
0000
ENDCHAR
STARTCHAR 0x467E
ENCODING 20837
SWIDTH 960 0
DWIDTH 10 0
BBX 10 11 0 -2
BITMAP
0000
7800
0800
0800
0800
0800
1400
2400
4200
8180
0000
ENDCHAR
STARTCHAR 0x4134
ENCODING 20840
SWIDTH 960 0
DWIDTH 10 0
BBX 10 11 0 -2
BITMAP
0000
1C00
2200
4100
FF80
0800
7F00
0800
0800
FF80
0000
ENDCHAR
STARTCHAR 0x315F
ENCODING 20870
SWIDTH 960 0
DWIDTH 10 0
BBX 10 11 0 -2
BITMAP
0000
FF80
8880
8880
8880
FF80
8080
8080
8080
8380
0000
ENDCHAR
STARTCHAR 0x3C4C
ENCODING 20889
SWIDTH 960 0
DWIDTH 10 0
BBX 10 11 0 -2
BITMAP
0000
FF80
A080
BE80
2000
3E00
0200
FF80
0200
1C00
0000
ENDCHAR
STARTCHAR 0x455F
ENCODING 20908
SWIDTH 960 0
DWIDTH 10 0
BBX 10 11 0 -2
BITMAP
1000
1000
1F00
2100
5200
0C00
3200
CD80
3000
0E00
0000
ENDCHAR
STARTCHAR 0x4E64
ENCODING 20919
SWIDTH 960 0
DWIDTH 10 0
BBX 10 11 0 -2
BITMAP
0000
8700
4880
1000
1F80
0000
5F80
4480
8480
8580
0000
ENDCHAR
STARTCHAR 0x4560
ENCODING 20941
SWIDTH 960 0
DWIDTH 10 0
BBX 10 11 0 -2
BITMAP
0200
8200
7F80
1280
1F80
1280
5F80
4600
8A80
B280
0000
ENDCHAR
STARTCHAR 0x3D50
ENCODING 20986
SWIDTH 960 0
DWIDTH 10 0
BBX 10 11 0 -2
BITMAP
0800
0800
4900
4900
7F00
0800
0800
8880
8880
FF80
0000
ENDCHAR
STARTCHAR 0x4A2C
ENCODING 20998
SWIDTH 960 0
DWIDTH 10 0
BBX 10 11 0 -2
BITMAP
0000
2F00
2100
4100
4080
BF80
9100
1100
2100
2600
0000
ENDCHAR
STARTCHAR 0x405A
ENCODING 20999
SWIDTH 960 0
DWIDTH 10 0
BBX 10 11 0 -2
BITMAP
0000
5F80
4480
5480
6480
C480
4880
4880
7100
0600
0000
ENDCHAR
STARTCHAR 0x4E73
ENCODING 21015
SWIDTH 960 0
DWIDTH 10 0
BBX 10 11 0 -2
BITMAP
0000
FC80
2280
3A80
4A80
AA80
9A80
0A80
1080
6180
0000
ENDCHAR
STARTCHAR 0x3B49
ENCODING 21050
SWIDTH 960 0
DWIDTH 10 0
BBX 10 11 0 -2
BITMAP
2000
2080
FA80
2280
FA80
AA80
AA80
3280
6880
A580
0000
ENDCHAR
STARTCHAR 0x3A6F
ENCODING 21066
SWIDTH 960 0
DWIDTH 10 0
BBX 10 11 0 -2
BITMAP
2000
2080
AA80
B280
2280
FA80
8A80
FA80
8880
9980
0000
ENDCHAR
STARTCHAR 0x4130
ENCODING 21069
SWIDTH 960 0
DWIDTH 10 0
BBX 10 11 0 -2
BITMAP
2200
2400
FF80
0000
F480
9480
F480
9480
F080
9180
0000
ENDCHAR
STARTCHAR 0x4630
ENCODING 21205
SWIDTH 960 0
DWIDTH 10 0
BBX 10 11 0 -2
BITMAP
0200
FA00
2200
FF80
AA80
FA80
AA80
FC80
2080
FB00
0000
ENDCHAR
STARTCHAR 0x3E21
ENCODING 21213
SWIDTH 960 0
DWIDTH 10 0
BBX 10 11 0 -2
BITMAP
0200
EA80
BF80
E500
BF80
A900
E480
BF80
A880
B300
0000
ENDCHAR
STARTCHAR 0x3650
ENCODING 21220
SWIDTH 960 0
DWIDTH 10 0
BBX 10 11 0 -2
BITMAP
5200
FA00
5200
FF80
AA80
FA80
2280
FC80
2080
FB00
0000
ENDCHAR
STARTCHAR 0x4677
ENCODING 21250
SWIDTH 960 0
DWIDTH 10 0
BBX 10 11 0 -2
BITMAP
2000
2000
3F80
4080
6480
A880
B080
2480
3C80
0300
0000
ENDCHAR
STARTCHAR 0x4A71
ENCODING 21253
SWIDTH 960 0
DWIDTH 10 0
BBX 10 11 0 -2
BITMAP
2000
2000
7F80
4080
BC80
8480
3D80
2000
2080
3F80
0000
ENDCHAR
STARTCHAR 0x4B4C
ENCODING 21271
SWIDTH 960 0
DWIDTH 10 0
BBX 10 11 0 -2
BITMAP
0400
2400
2480
E500
2600
2400
2400
6480
A480
2780
0000
ENDCHAR
STARTCHAR 0x3D3D
ENCODING 21313
SWIDTH 960 0
DWIDTH 10 0
BBX 10 11 0 -2
BITMAP
0800
0800
0800
0800
FF80
0800
0800
0800
0800
0800
0000
ENDCHAR
STARTCHAR 0x3861
ENCODING 21320
SWIDTH 960 0
DWIDTH 10 0
BBX 10 11 0 -2
BITMAP
4000
4000
7F80
8800
8800
0800
FF80
0800
0800
0800
0000
ENDCHAR
STARTCHAR 0x483E
ENCODING 21322
SWIDTH 960 0
DWIDTH 10 0
BBX 10 11 0 -2
BITMAP
0800
0800
4900
2A00
0800
FF80
0800
FF80
0800
0800
0000
ENDCHAR
STARTCHAR 0x466E
ENCODING 21335
SWIDTH 960 0
DWIDTH 10 0
BBX 10 11 0 -2
BITMAP
0800
0800
FF80
0800
FF80
9480
BE80
8880
BE80
8980
0000
ENDCHAR
STARTCHAR 0x4D71
ENCODING 21365
SWIDTH 960 0
DWIDTH 10 0
BBX 10 11 0 -2
BITMAP
0000
3780
C480
9480
D680
9580
B480
D480
1580
6400
0000
ENDCHAR
STARTCHAR 0x356E
ENCODING 21435
SWIDTH 960 0
DWIDTH 10 0
BBX 10 11 0 -2
BITMAP
0800
0800
7F00
0800
0800
FF80
1200
2200
4500
7900
0000
ENDCHAR
STARTCHAR 0x4D27
ENCODING 21451
SWIDTH 960 0
DWIDTH 10 0
BBX 10 11 0 -2
BITMAP
1000
1000
FF80
1000
1F00
2100
2900
4A00
8600
3980
0000
ENDCHAR
STARTCHAR 0x3C68
ENCODING 21462
SWIDTH 960 0
DWIDTH 10 0
BBX 10 11 0 -2
BITMAP
0000
FF80
4880
7880
4A80
7A80
4900
4900
FA80
0C80
0000
ENDCHAR
STARTCHAR 0x387D
ENCODING 21475
SWIDTH 960 0
DWIDTH 10 0
BBX 10 11 0 -2
BITMAP
0000
0000
FF80
8080
8080
8080
8080
8080
FF80
8080
0000
ENDCHAR
STARTCHAR 0x3845
ENCODING 21476
SWIDTH 960 0
DWIDTH 10 0
BBX 10 11 0 -2
BITMAP
0800
0800
0800
FF80
0800
0800
7F00
4100
4100
7F00
0000
ENDCHAR
STARTCHAR 0x3667
ENCODING 21477
SWIDTH 960 0
DWIDTH 10 0
BBX 10 11 0 -2
BITMAP
2000
2000
3F80
4080
7C80
A480
A480
3C80
0100
0600
0000
ENDCHAR
STARTCHAR 0x4266
ENCODING 21488
SWIDTH 960 0
DWIDTH 10 0
BBX 10 11 0 -2
BITMAP
1000
1000
2100
4100
FF80
0000
7F00
4100
4100
7F00
0000
ENDCHAR
STARTCHAR 0x3126
ENCODING 21491
SWIDTH 960 0
DWIDTH 10 0
BBX 10 11 0 -2
BITMAP
0800
0800
FF80
1000
1000
3F00
6100
A100
2100
3F00
0000
ENDCHAR
STARTCHAR 0x3967
ENCODING 21512
SWIDTH 960 0
DWIDTH 10 0
BBX 10 11 0 -2
BITMAP
0000
1C00
2200
4100
BE80
0000
7F00
4100
4100
7F00
0000
ENDCHAR
STARTCHAR 0x4631
ENCODING 21516
SWIDTH 960 0
DWIDTH 10 0
BBX 10 11 0 -2
BITMAP
0000
FF80
8080
BE80
8080
BE80
A280
A280
BE80
8180
0000
ENDCHAR
STARTCHAR 0x4C3E
ENCODING 21517
SWIDTH 960 0
DWIDTH 10 0
BBX 10 11 0 -2
BITMAP
0800
0800
0F00
1100
6200
1400
0F80
3080
D080
1F80
0000
ENDCHAR
STARTCHAR 0x387E
ENCODING 21521
SWIDTH 960 0
DWIDTH 10 0
BBX 10 11 0 -2
BITMAP
0800
1000
2000
FF80
8080
BE80
A280
A280
BE80
8180
0000
ENDCHAR
STARTCHAR 0x4F24
ENCODING 21570
SWIDTH 960 0
DWIDTH 10 0
BBX 10 11 0 -2
BITMAP
0000
3F00
2100
2100
3F00
0800
7F80
4080
4080
7F80
0000
ENDCHAR
STARTCHAR 0x4C23
ENCODING 21619
SWIDTH 960 0
DWIDTH 10 0
BBX 10 11 0 -2
BITMAP
0200
0200
EF80
A200
A200
BF80
A200
A600
EB00
1280
0000
ENDCHAR
STARTCHAR 0x4C64
ENCODING 21839
SWIDTH 960 0
DWIDTH 10 0
BBX 10 11 0 -2
BITMAP
0000
F780
9480
F780
9480
F780
8080
9C80
9480
9D80
0000
ENDCHAR
STARTCHAR 0x346F
ENCODING 22120
SWIDTH 960 0
DWIDTH 10 0
BBX 10 11 0 -2
BITMAP
0000
7700
5500
7700
0800
FF80
2200
F780
5500
7700
0000
ENDCHAR
STARTCHAR 0x3B4D
ENCODING 22235
SWIDTH 960 0
DWIDTH 10 0
BBX 10 11 0 -2
BITMAP
0000
FF80
9480
9480
A480
C780
8080
8080
FF80
8080
0000
ENDCHAR
STARTCHAR 0x3273
ENCODING 22238
SWIDTH 960 0
DWIDTH 10 0
BBX 10 11 0 -2
BITMAP
0000
FF80
8080
BE80
A280
A280
A280
BE80
8080
FF80
0000
ENDCHAR
STARTCHAR 0x4344
ENCODING 22243
SWIDTH 960 0
DWIDTH 10 0
BBX 10 11 0 -2
BITMAP
0000
FF80
8480
8480
FE80
8480
A480
9480
8480
FF80
0000
ENDCHAR
STARTCHAR 0x3F5E
ENCODING 22259
SWIDTH 960 0
DWIDTH 10 0
BBX 10 11 0 -2
BITMAP
0000
FF80
9080
8A80
C280
A480
8480
8A80
9080
FF80
0000
ENDCHAR
STARTCHAR 0x3847
ENCODING 22266
SWIDTH 960 0
DWIDTH 10 0
BBX 10 11 0 -2
BITMAP
0000
FF80
8880
BE80
8880
BE80
A280
BE80
8080
FF80
0000
ENDCHAR
STARTCHAR 0x434F
ENCODING 22320
SWIDTH 960 0
DWIDTH 10 0
BBX 10 11 0 -2
BITMAP
0200
4200
4A00
EB80
4E80
5A80
4A00
4800
E880
0F80
0000
ENDCHAR
STARTCHAR 0x3A64
ENCODING 22338
SWIDTH 960 0
DWIDTH 10 0
BBX 10 11 0 -2
BITMAP
0000
4F80
4800
F800
4F80
4880
5480
5500
E300
0C80
0000
ENDCHAR
STARTCHAR 0x3E6C
ENCODING 22580
SWIDTH 960 0
DWIDTH 10 0
BBX 10 11 0 -2
BITMAP
0000
4F00
4900
EF00
4900
4F80
4800
5F80
EA80
1580
0000
ENDCHAR
STARTCHAR 0x3176
ENCODING 22633
SWIDTH 960 0
DWIDTH 10 0
BBX 10 11 0 -2
BITMAP
0800
4800
5F80
E900
4F00
4000
5F80
4A80
EA80
1F80
0000
ENDCHAR
STARTCHAR 0x4A49
ENCODING 22721
SWIDTH 960 0
DWIDTH 10 0
BBX 10 11 0 -2
BITMAP
0200
F200
9F80
F500
9F80
F200
8A00
7F00
0800
FF80
0000
ENDCHAR
STARTCHAR 0x403C
ENCODING 22768
SWIDTH 960 0
DWIDTH 10 0
BBX 10 11 0 -2
BITMAP
0800
0800
FF80
0800
7F80
2480
2480
3F80
4000
4000
0000
ENDCHAR
STARTCHAR 0x4764
ENCODING 22770
SWIDTH 960 0
DWIDTH 10 0
BBX 10 11 0 -2
BITMAP
0800
0800
FF80
0800
7F00
0000
FF80
9480
2400
C780
0000
ENDCHAR
STARTCHAR 0x4A51
ENCODING 22793
SWIDTH 960 0
DWIDTH 10 0
BBX 10 11 0 -2
BITMAP
0800
0800
FF80
1400
5500
9480
1E00
6200
1C00
E380
0000
ENDCHAR
STARTCHAR 0x3246
ENCODING 22799
SWIDTH 960 0
DWIDTH 10 0
BBX 10 11 0 -2
BITMAP
0000
FF80
0800
3F00
2100
3F00
2100
D300
1E00
E180
0000
ENDCHAR
STARTCHAR 0x4D3C
ENCODING 22805
SWIDTH 960 0
DWIDTH 10 0
BBX 10 11 0 -2
BITMAP
0800
0800
0F80
1080
1080
2900
0500
0200
0C00
7000
0000
ENDCHAR
STARTCHAR 0x3330
ENCODING 22806
SWIDTH 960 0
DWIDTH 10 0
BBX 10 11 0 -2
BITMAP
0200
4200
7A00
4A00
AE00
AB00
1280
1200
2200
C200
0000
ENDCHAR
STARTCHAR 0x423F
ENCODING 22810
SWIDTH 960 0
DWIDTH 10 0
BBX 10 11 0 -2
BITMAP
0800
0800
1E00
6200
1380
1C80
E880
0500
0600
3800
0000
ENDCHAR
STARTCHAR 0x4C6B
ENCODING 22812
SWIDTH 960 0
DWIDTH 10 0
BBX 10 11 0 -2
BITMAP
0800
0800
FF80
2800
2F80
4A80
D080
6500
4600
5980
0000
ENDCHAR
STARTCHAR 0x4267
ENCODING 22823
SWIDTH 960 0
DWIDTH 10 0
BBX 10 11 0 -2
BITMAP
0800
0800
0800
FF80
0800
0800
0800
1400
2200
C180
0000
ENDCHAR
STARTCHAR 0x4537
ENCODING 22825
SWIDTH 960 0
DWIDTH 10 0
BBX 10 11 0 -2
BITMAP
0000
FF80
0800
0800
7F00
0800
0800
1400
2200
C180
0000
ENDCHAR
STARTCHAR 0x3C3A
ENCODING 22833
SWIDTH 960 0
DWIDTH 10 0
BBX 10 11 0 -2
BITMAP
0800
4800
7F00
4800
8800
FF80
0800
1400
2200
C180
0000
ENDCHAR
STARTCHAR 0x317C
ENCODING 22885
SWIDTH 960 0
DWIDTH 10 0
BBX 10 11 0 -2
BITMAP
0800
1000
7F00
5500
7F00
4900
5500
FF80
2200
C180
0000
ENDCHAR
STARTCHAR 0x3925
ENCODING 22909
SWIDTH 960 0
DWIDTH 10 0
BBX 10 11 0 -2
BITMAP
0000
4F80
4080
F100
5200
5200
AF80
E200
5200
4600
0000
ENDCHAR
STARTCHAR 0x4B65
ENCODING 22969
SWIDTH 960 0
DWIDTH 10 0
BBX 10 11 0 -2
BITMAP
0200
4200
4F80
F200
5200
5F80
A200
E600
4B00
5280
0000
ENDCHAR
STARTCHAR 0x3B50
ENCODING 22985
SWIDTH 960 0
DWIDTH 10 0
BBX 10 11 0 -2
BITMAP
0200
4200
5F80
E200
5F80
5280
9280
F280
5280
4200
0000
ENDCHAR
STARTCHAR 0x3B4F
ENCODING 22987
SWIDTH 960 0
DWIDTH 10 0
BBX 10 11 0 -2
BITMAP
0400
4400
4880
F080
5F80
5000
AF80
E880
5880
4F80
0000
ENDCHAR
STARTCHAR 0x3779
ENCODING 23244
SWIDTH 960 0
DWIDTH 10 0
BBX 10 11 0 -2
BITMAP
0900
4200
7F80
CA80
7F80
4A80
9F80
EA00
5B00
6A80
0000
ENDCHAR
STARTCHAR 0x3B52
ENCODING 23376
SWIDTH 960 0
DWIDTH 10 0
BBX 10 11 0 -2
BITMAP
0000
7F00
0200
0400
0800
FF80
0800
0800
0800
1800
0000
ENDCHAR
STARTCHAR 0x3B7A
ENCODING 23383
SWIDTH 960 0
DWIDTH 10 0
BBX 10 11 0 -2
BITMAP
0800
0800
FF80
8080
3E00
0400
0800
FF80
0800
1800
0000
ENDCHAR
STARTCHAR 0x3358
ENCODING 23398
SWIDTH 960 0
DWIDTH 10 0
BBX 10 11 0 -2
BITMAP
0800
2A00
FF80
8080
BE80
0400
0800
FF80
0800
1800
0000
ENDCHAR
STARTCHAR 0x446A
ENCODING 23450
SWIDTH 960 0
DWIDTH 10 0
BBX 10 11 0 -2
BITMAP
0800
0800
FF80
8080
7F00
0800
2F00
2800
3800
C780
0000
ENDCHAR
STARTCHAR 0x3C3C
ENCODING 23460
SWIDTH 960 0
DWIDTH 10 0
BBX 10 11 0 -2
BITMAP
0800
0800
FF80
8080
7F00
1000
2200
7F00
0800
FF80
0000
ENDCHAR
STARTCHAR 0x3248
ENCODING 23478
SWIDTH 960 0
DWIDTH 10 0
BBX 10 11 0 -2
BITMAP
0800
0800
FF80
8080
7F00
2880
CD00
3600
C580
1800
0000
ENDCHAR
STARTCHAR 0x3D49
ENCODING 23487
SWIDTH 960 0
DWIDTH 10 0
BBX 10 11 0 -2
BITMAP
0800
0800
FF80
A280
2400
5F80
D080
5F80
5080
5F80
0000
ENDCHAR
STARTCHAR 0x3428
ENCODING 23506
SWIDTH 960 0
DWIDTH 10 0
BBX 10 11 0 -2
BITMAP
0800
0800
FF80
9480
7F00
1400
FF80
2500
D880
0600
0000
ENDCHAR
STARTCHAR 0x3F32
ENCODING 23517
SWIDTH 960 0
DWIDTH 10 0
BBX 10 11 0 -2
BITMAP
0800
0800
FF80
8080
5F00
C100
7F80
5100
CE00
7180
0000
ENDCHAR
STARTCHAR 0x3E2E
ENCODING 23567
SWIDTH 960 0
DWIDTH 10 0
BBX 10 11 0 -2
BITMAP
0800
0800
0800
4900
4900
4880
8880
8880
0800
1800
0000
ENDCHAR
STARTCHAR 0x3E2F
ENCODING 23569
SWIDTH 960 0
DWIDTH 10 0
BBX 10 11 0 -2
BITMAP
0800
0800
0800
4900
4880
8800
1900
0200
0C00
7000
0000
ENDCHAR
STARTCHAR 0x3649
ENCODING 23616
SWIDTH 960 0
DWIDTH 10 0
BBX 10 11 0 -2
BITMAP
0000
7F00
4100
7F00
4000
7F80
5480
5480
9C80
8300
0000
ENDCHAR
STARTCHAR 0x464F
ENCODING 23626
SWIDTH 960 0
DWIDTH 10 0
BBX 10 11 0 -2
BITMAP
0000
7F80
4080
7F80
4200
5F80
5280
9F80
9280
1F80
0000
ENDCHAR
STARTCHAR 0x3230
ENCODING 23627
SWIDTH 960 0
DWIDTH 10 0
BBX 10 11 0 -2
BITMAP
0000
7F80
4080
7F80
5100
7F00
4480
9F00
8400
3F80
0000
ENDCHAR
STARTCHAR 0x3B33
ENCODING 23665
SWIDTH 960 0
DWIDTH 10 0
BBX 10 11 0 -2
BITMAP
0800
0800
0800
8880
8880
8880
8880
8880
8880
FF80
0000
ENDCHAR
STARTCHAR 0x406E
ENCODING 24029
SWIDTH 960 0
DWIDTH 10 0
BBX 10 11 0 -2
BITMAP
0000
4880
4880
4880
4880
4880
4880
4880
8880
8080
0000
ENDCHAR
STARTCHAR 0x3A38
ENCODING 24038
SWIDTH 960 0
DWIDTH 10 0
BBX 10 11 0 -2
BITMAP
1000
1000
FF80
2000
2000
5F80
4400
8400
8400
3F80
0000
ENDCHAR
STARTCHAR 0x3B54
ENCODING 24066
SWIDTH 960 0
DWIDTH 10 0
BBX 10 11 0 -2
BITMAP
0800
0800
FF80
0800
7F80
4880
4880
4880
4980
0800
0000
ENDCHAR
STARTCHAR 0x404A
ENCODING 24109
SWIDTH 960 0
DWIDTH 10 0
BBX 10 11 0 -2
BITMAP
0400
0400
7F80
4900
7F80
4900
5F80
9480
9480
1580
0000
ENDCHAR
STARTCHAR 0x3522
ENCODING 24112
SWIDTH 960 0
DWIDTH 10 0
BBX 10 11 0 -2
BITMAP
0000
2F80
A080
AF80
A000
BF80
2280
3F80
5280
5280
0000
ENDCHAR
STARTCHAR 0x3433
ENCODING 24178
SWIDTH 960 0
DWIDTH 10 0
BBX 10 11 0 -2
BITMAP
0000
7F00
0800
0800
0800
FF80
0800
0800
0800
0800
0000
ENDCHAR
STARTCHAR 0x472F
ENCODING 24180
SWIDTH 960 0
DWIDTH 10 0
BBX 10 11 0 -2
BITMAP
2000
2000
3F80
4400
BF00
2400
2400
FF80
0400
0400
0000
ENDCHAR
STARTCHAR 0x392D
ENCODING 24195
SWIDTH 960 0
DWIDTH 10 0
BBX 10 11 0 -2
BITMAP
0800
0800
7F80
4400
4400
4800
4900
9100
A280
BC80
0000
ENDCHAR
STARTCHAR 0x446C
ENCODING 24213
SWIDTH 960 0
DWIDTH 10 0
BBX 10 11 0 -2
BITMAP
0400
0400
7F80
4000
5F80
5200
5F80
9100
9080
3F80
0000
ENDCHAR
STARTCHAR 0x4539
ENCODING 24215
SWIDTH 960 0
DWIDTH 10 0
BBX 10 11 0 -2
BITMAP
0400
0400
7F80
4400
4780
4400
5F80
9080
9080
1F80
0000
ENDCHAR
STARTCHAR 0x4559
ENCODING 24230
SWIDTH 960 0
DWIDTH 10 0
BBX 10 11 0 -2
BITMAP
0400
0400
7F80
4900
7F80
4900
BF00
9100
0E00
7180
0000
ENDCHAR
STARTCHAR 0x3A42
ENCODING 24231
SWIDTH 960 0
DWIDTH 10 0
BBX 10 11 0 -2
BITMAP
0400
0400
7F80
5100
5100
6A80
4400
BF80
8400
3F80
0000
ENDCHAR
STARTCHAR 0x384B
ENCODING 24235
SWIDTH 960 0
DWIDTH 10 0
BBX 10 11 0 -2
BITMAP
0400
0400
7F80
5280
5F80
5280
5F80
4200
BF80
8200
0000
ENDCHAR
STARTCHAR 0x446D
ENCODING 24237
SWIDTH 960 0
DWIDTH 10 0
BBX 10 11 0 -2
BITMAP
0800
0800
FF80
8000
EF80
A200
DF80
A200
3200
CF80
0000
ENDCHAR
STARTCHAR 0x4F2D
ENCODING 24266
SWIDTH 960 0
DWIDTH 10 0
BBX 10 11 0 -2
BITMAP
0800
0800
FF80
AA80
BA80
AB00
BA80
A280
AB00
B600
0000
ENDCHAR
STARTCHAR 0x4A5B
ENCODING 24321
SWIDTH 960 0
DWIDTH 10 0
BBX 10 11 0 -2
BITMAP
1000
1200
2100
FF80
1200
1200
FF80
1200
2200
4200
0000
ENDCHAR
STARTCHAR 0x446F
ENCODING 24351
SWIDTH 960 0
DWIDTH 10 0
BBX 10 11 0 -2
BITMAP
2200
2400
0800
7F00
0900
7F00
4800
7F80
2880
CB00
0000
ENDCHAR
STARTCHAR 0x3C65
ENCODING 24369
SWIDTH 960 0
DWIDTH 10 0
BBX 10 11 0 -2
BITMAP
0000
F780
1080
F780
8400
F780
9480
5280
9480
3180
0000
ENDCHAR
STARTCHAR 0x4425
ENCODING 24373
SWIDTH 960 0
DWIDTH 10 0
BBX 10 11 0 -2
BITMAP
0000
EF80
2800
EF80
8800
9F80
EA00
2A80
2900
CC80
0000
ENDCHAR
STARTCHAR 0x4576
ENCODING 24403
SWIDTH 960 0
DWIDTH 10 0
BBX 10 11 0 -2
BITMAP
0800
0800
4880
2900
0800
7F80
0080
7F80
0080
7F80
0000
ENDCHAR
STARTCHAR 0x3741
ENCODING 24418
SWIDTH 960 0
DWIDTH 10 0
BBX 10 11 0 -2
BITMAP
0000
FC80
5100
5200
5080
FD00
5200
5080
9100
9200
0000
ENDCHAR
STARTCHAR 0x4C72
ENCODING 24441
SWIDTH 960 0
DWIDTH 10 0
BBX 10 11 0 -2
BITMAP
0000
4F00
8900
0900
1180
4000
DF00
4900
4600
5980
0000
ENDCHAR
STARTCHAR 0x4254
ENCODING 24453
SWIDTH 960 0
DWIDTH 10 0
BBX 10 11 0 -2
BITMAP
0400
4400
9F80
0400
3F80
4100
DF80
4100
5100
4B00
0000
ENDCHAR
STARTCHAR 0x3865
ENCODING 24460
SWIDTH 960 0
DWIDTH 10 0
BBX 10 11 0 -2
BITMAP
0400
4800
9100
0A00
2480
5F80
C900
5500
4600
5980
0000
ENDCHAR
STARTCHAR 0x4640
ENCODING 24471
SWIDTH 960 0
DWIDTH 10 0
BBX 10 11 0 -2
BITMAP
0000
4F80
8880
0F80
2880
4F80
C080
5F80
4880
4580
0000
ENDCHAR
STARTCHAR 0x3F34
ENCODING 24515
SWIDTH 960 0
DWIDTH 10 0
BBX 10 11 0 -2
BITMAP
0000
1800
0600
0000
1000
5100
5080
9000
9100
1F00
0000
ENDCHAR
STARTCHAR 0x4B3A
ENCODING 24536
SWIDTH 960 0
DWIDTH 10 0
BBX 10 11 0 -2
BITMAP
0800
0800
FF80
4000
4000
3F00
0800
2500
A080
9E00
0000
ENDCHAR
STARTCHAR 0x3B57
ENCODING 24605
SWIDTH 960 0
DWIDTH 10 0
BBX 10 11 0 -2
BITMAP
0000
7F00
4900
7F00
4900
7F00
0800
2500
A080
9E00
0000
ENDCHAR
STARTCHAR 0x355E
ENCODING 24613
SWIDTH 960 0
DWIDTH 10 0
BBX 10 11 0 -2
BITMAP
0000
3E00
4400
BF00
0100
7F00
0100
7E00
A100
BE80
0000
ENDCHAR
STARTCHAR 0x4229
ENCODING 24687
SWIDTH 960 0
DWIDTH 10 0
BBX 10 11 0 -2
BITMAP
0800
1000
7F00
4100
7F00
4100
7F00
0400
5100
9E80
0000
ENDCHAR
STARTCHAR 0x302D
ENCODING 24746
SWIDTH 960 0
DWIDTH 10 0
BBX 10 11 0 -2
BITMAP
0000
FF80
1400
7F00
5500
7F00
1400
FF80
5100
9E80
0000
ENDCHAR
STARTCHAR 0x3436
ENCODING 24863
SWIDTH 960 0
DWIDTH 10 0
BBX 10 11 0 -2
BITMAP
0400
0480
FF80
AA00
AA80
B900
8280
1400
5100
8E80
0000
ENDCHAR
STARTCHAR 0x3F35
ENCODING 24910
SWIDTH 960 0
DWIDTH 10 0
BBX 10 11 0 -2
BITMAP
0200
3F80
2200
AF80
A880
AF80
A880
BF80
2500
2880
0000
ENDCHAR
STARTCHAR 0x3231
ENCODING 25014
SWIDTH 960 0
DWIDTH 10 0
BBX 10 11 0 -2
BITMAP
0200
2200
3F80
A900
BF80
A880
AF80
0200
2880
4E80
0000
ENDCHAR
STARTCHAR 0x4C61
ENCODING 25147
SWIDTH 960 0
DWIDTH 10 0
BBX 10 11 0 -2
BITMAP
0000
FF80
0000
7F80
4080
7F80
4400
BF80
8A00
7180
0000
ENDCHAR
STARTCHAR 0x3D6A
ENCODING 25152
SWIDTH 960 0
DWIDTH 10 0
BBX 10 11 0 -2
BITMAP
0000
F180
0600
F400
9780
9500
F500
8900
8900
8100
0000
ENDCHAR
STARTCHAR 0x4070
ENCODING 25159
SWIDTH 960 0
DWIDTH 10 0
BBX 10 11 0 -2
BITMAP
0000
FF80
0000
7F80
4080
7F80
AA80
9980
2A80
5980
0000
ENDCHAR
STARTCHAR 0x3C6A
ENCODING 25163
SWIDTH 960 0
DWIDTH 10 0
BBX 10 11 0 -2
BITMAP
0000
0700
7800
0800
7F00
0800
0800
FF80
0800
1800
0000
ENDCHAR
STARTCHAR 0x3B7D
ENCODING 25345
SWIDTH 960 0
DWIDTH 10 0
BBX 10 11 0 -2
BITMAP
0400
4400
5F80
E400
5F80
4100
DF80
4100
5100
CB00
0000
ENDCHAR
STARTCHAR 0x3B58
ENCODING 25351
SWIDTH 960 0
DWIDTH 10 0
BBX 10 11 0 -2
BITMAP
0000
4980
4E00
E880
4F80
4880
6F80
C880
4880
CF80
0000
ENDCHAR
STARTCHAR 0x3F36
ENCODING 25391
SWIDTH 960 0
DWIDTH 10 0
BBX 10 11 0 -2
BITMAP
0000
5F80
5000
F780
5000
5F80
6A00
CA80
4900
DC80
0000
ENDCHAR
STARTCHAR 0x3C4E
ENCODING 25448
SWIDTH 960 0
DWIDTH 10 0
BBX 10 11 0 -2
BITMAP
0000
4F00
5280
EF80
4200
5F80
6000
CF80
4880
CF80
0000
ENDCHAR
STARTCHAR 0x4335
ENCODING 25506
SWIDTH 960 0
DWIDTH 10 0
BBX 10 11 0 -2
BITMAP
0000
5F80
5500
E500
5980
4200
DF80
4600
4B00
D280
0000
ENDCHAR
STARTCHAR 0x4754
ENCODING 25943
SWIDTH 960 0
DWIDTH 10 0
BBX 10 11 0 -2
BITMAP
0400
F400
9780
F900
9100
9500
F500
0200
A600
9980
0000
ENDCHAR
STARTCHAR 0x3F74
ENCODING 25968
SWIDTH 960 0
DWIDTH 10 0
BBX 10 11 0 -2
BITMAP
0200
AA00
B380
FC80
6A80
A280
FD00
4900
7280
8C80
0000
ENDCHAR
STARTCHAR 0x4030
ENCODING 25972
SWIDTH 960 0
DWIDTH 10 0
BBX 10 11 0 -2
BITMAP
2200
2200
FF80
2480
F900
AE80
7800
2F80
4800
FF80
0000
ENDCHAR
STARTCHAR 0x4A38
ENCODING 25991
SWIDTH 960 0
DWIDTH 10 0
BBX 10 11 0 -2
BITMAP
0800
0800
FF80
0200
2200
2400
1400
0800
3600
C180
0000
ENDCHAR
STARTCHAR 0x454D
ENCODING 26007
SWIDTH 960 0
DWIDTH 10 0
BBX 10 11 0 -2
BITMAP
0000
2200
1200
0200
4200
2200
0380
1E00
E200
0200
0000
ENDCHAR
STARTCHAR 0x3F37
ENCODING 26032
SWIDTH 960 0
DWIDTH 10 0
BBX 10 11 0 -2
BITMAP
2000
2780
FC00
5400
5780
FD00
2500
F500
6900
A900
0000
ENDCHAR
STARTCHAR 0x4A7D
ENCODING 26041
SWIDTH 960 0
DWIDTH 10 0
BBX 10 11 0 -2
BITMAP
1000
1000
FF80
1000
1000
3F00
2100
4100
4100
0E00
0000
ENDCHAR
STARTCHAR 0x4E39
ENCODING 26053
SWIDTH 960 0
DWIDTH 10 0
BBX 10 11 0 -2
BITMAP
0400
4400
FF80
4A00
4280
7680
9D00
9500
1480
6480
0000
ENDCHAR
STARTCHAR 0x4232
ENCODING 26063
SWIDTH 960 0
DWIDTH 10 0
BBX 10 11 0 -2
BITMAP
0800
4800
FF80
4400
4F80
7200
9F80
9200
1500
6880
0000
ENDCHAR
STARTCHAR 0x467C
ENCODING 26085
SWIDTH 960 0
DWIDTH 10 0
BBX 10 11 0 -2
BITMAP
0000
7F00
4100
4100
4100
7F00
4100
4100
4100
7F00
0000
ENDCHAR
STARTCHAR 0x4161
ENCODING 26089
SWIDTH 960 0
DWIDTH 10 0
BBX 10 11 0 -2
BITMAP
0000
7F00
4100
7F00
4100
7F00
0800
FF80
0800
0800
0000
ENDCHAR
STARTCHAR 0x4C40
ENCODING 26126
SWIDTH 960 0
DWIDTH 10 0
BBX 10 11 0 -2
BITMAP
0000
0780
F480
9780
F480
9480
9780
F480
0880
0980
0000
ENDCHAR
STARTCHAR 0x404E
ENCODING 26132
SWIDTH 960 0
DWIDTH 10 0
BBX 10 11 0 -2
BITMAP
1200
1200
7F80
1200
1200
FF80
2100
3F00
2100
3F00
0000
ENDCHAR
STARTCHAR 0x4031
ENCODING 26143
SWIDTH 960 0
DWIDTH 10 0
BBX 10 11 0 -2
BITMAP
0000
7F00
4100
7F00
4100
7F00
8800
BF00
0800
FF80
0000
ENDCHAR
STARTCHAR 0x3147
ENCODING 26144
SWIDTH 960 0
DWIDTH 10 0
BBX 10 11 0 -2
BITMAP
0200
0200
EF80
AA80
AA80
EA80
BF80
A200
E500
1880
0000
ENDCHAR
STARTCHAR 0x3D55
ENCODING 26149
SWIDTH 960 0
DWIDTH 10 0
BBX 10 11 0 -2
BITMAP
0800
0800
FF80
0800
7F00
2200
FF80
6300
A280
3E00
0000
ENDCHAR
STARTCHAR 0x3A72
ENCODING 26152
SWIDTH 960 0
DWIDTH 10 0
BBX 10 11 0 -2
BITMAP
0800
0800
EF80
B400
A780
E400
A400
A780
E400
0400
0000
ENDCHAR
STARTCHAR 0x436B
ENCODING 26172
SWIDTH 960 0
DWIDTH 10 0
BBX 10 11 0 -2
BITMAP
0000
7F00
4100
7F00
4200
BF00
A280
3E00
2200
FF80
0000
ENDCHAR
STARTCHAR 0x3B7E
ENCODING 26178
SWIDTH 960 0
DWIDTH 10 0
BBX 10 11 0 -2
BITMAP
0200
0200
EF80
A200
BF80
E080
BF80
A080
E880
0580
0000
ENDCHAR
STARTCHAR 0x374A
ENCODING 26223
SWIDTH 960 0
DWIDTH 10 0
BBX 10 11 0 -2
BITMAP
0000
7F00
4100
7F00
4100
FF80
2200
3E00
4900
9880
0000
ENDCHAR
STARTCHAR 0x3045
ENCODING 26263
SWIDTH 960 0
DWIDTH 10 0
BBX 10 11 0 -2
BITMAP
0200
0200
FF80
A500
A500
FF80
A880
AF80
E880
0F80
0000
ENDCHAR
STARTCHAR 0x364A
ENCODING 26354
SWIDTH 960 0
DWIDTH 10 0
BBX 10 11 0 -2
BITMAP
2400
2400
2400
FF80
A480
A480
FF80
A480
A480
FF80
0000
ENDCHAR
STARTCHAR 0x3D71
ENCODING 26360
SWIDTH 960 0
DWIDTH 10 0
BBX 10 11 0 -2
BITMAP
0800
7F00
0900
FF80
0900
FF80
0000
7F00
4100
7F00
0000
ENDCHAR
STARTCHAR 0x3A47
ENCODING 26368
SWIDTH 960 0
DWIDTH 10 0
BBX 10 11 0 -2
BITMAP
0000
7F00
4100
7F00
4100
FF80
4880
7A80
4B00
FC80
0000
ENDCHAR
STARTCHAR 0x376E
ENCODING 26376
SWIDTH 960 0
DWIDTH 10 0
BBX 10 11 0 -2
BITMAP
0000
3F00
2100
3F00
2100
2100
3F00
2100
4100
4300
0000
ENDCHAR
STARTCHAR 0x442B
ENCODING 26397
SWIDTH 960 0
DWIDTH 10 0
BBX 10 11 0 -2
BITMAP
2000
2780
FC80
2780
F480
9480
F780
9480
F880
4980
0000
ENDCHAR
STARTCHAR 0x4C5A
ENCODING 26408
SWIDTH 960 0
DWIDTH 10 0
BBX 10 11 0 -2
BITMAP
0800
0800
0800
FF80
0800
1C00
2A00
4900
8880
0800
0000
ENDCHAR
STARTCHAR 0x4B5C
ENCODING 26412
SWIDTH 960 0
DWIDTH 10 0
BBX 10 11 0 -2
BITMAP
0800
0800
FF80
0800
1C00
2A00
4900
BE80
0800
0800
0000
ENDCHAR
STARTCHAR 0x3B25
ENCODING 26413
SWIDTH 960 0
DWIDTH 10 0
BBX 10 11 0 -2
BITMAP
0200
2200
2200
FA00
2200
6200
7200
AA80
A280
2380
0000
ENDCHAR
STARTCHAR 0x3479
ENCODING 26426
SWIDTH 960 0
DWIDTH 10 0
BBX 10 11 0 -2
BITMAP
0000
2F00
2900
F900
2900
6900
6900
A900
A880
3080
0000
ENDCHAR
STARTCHAR 0x4D68
ENCODING 26469
SWIDTH 960 0
DWIDTH 10 0
BBX 10 11 0 -2
BITMAP
0800
0800
7F00
0800
4900
2A00
FF80
1A00
2900
C880
0000
ENDCHAR
STARTCHAR 0x456C
ENCODING 26481
SWIDTH 960 0
DWIDTH 10 0
BBX 10 11 0 -2
BITMAP
0800
0800
FF80
4900
7F00
4900
7F00
1A00
2900
C880
0000
ENDCHAR
STARTCHAR 0x4844
ENCODING 26495
SWIDTH 960 0
DWIDTH 10 0
BBX 10 11 0 -2
BITMAP
0000
2F80
2800
F800
2F80
6880
7480
A500
A300
2C80
0000
ENDCHAR
STARTCHAR 0x4B67
ENCODING 26522
SWIDTH 960 0
DWIDTH 10 0
BBX 10 11 0 -2
BITMAP
0800
2800
2F80
F900
2500
6500
7500
A200
A600
3980
0000
ENDCHAR
STARTCHAR 0x393B
ENCODING 26657
SWIDTH 960 0
DWIDTH 10 0
BBX 10 11 0 -2
BITMAP
0400
2400
3F80
E500
2880
7000
6900
A500
A600
3980
0000
ENDCHAR
STARTCHAR 0x3A2C
ENCODING 26681
SWIDTH 960 0
DWIDTH 10 0
BBX 10 11 0 -2
BITMAP
0000
2F80
2880
FF80
2880
6F80
6A00
BA80
A900
2C80
0000
ENDCHAR
STARTCHAR 0x456D
ENCODING 26691
SWIDTH 960 0
DWIDTH 10 0
BBX 10 11 0 -2
BITMAP
0200
2A00
2A80
FB00
2A00
6B00
7A80
AA00
AA80
3380
0000
ENDCHAR
STARTCHAR 0x3058
ENCODING 26885
SWIDTH 960 0
DWIDTH 10 0
BBX 10 11 0 -2
BITMAP
0200
2200
3F80
E500
2880
7F80
6A80
AA80
AE80
2180
0000
ENDCHAR
STARTCHAR 0x3F22
ENCODING 26893
SWIDTH 960 0
DWIDTH 10 0
BBX 10 11 0 -2
BITMAP
0200
5F80
4200
E780
4480
5780
D480
7780
5000
5F80
0000
ENDCHAR
STARTCHAR 0x364B
ENCODING 26997
SWIDTH 960 0
DWIDTH 10 0
BBX 10 11 0 -2
BITMAP
0000
3F80
2400
FD80
2E80
6A80
6B00
BA80
A400
3F80
0000
ENDCHAR
STARTCHAR 0x3636
ENCODING 27211
SWIDTH 960 0
DWIDTH 10 0
BBX 10 11 0 -2
BITMAP
0000
3F80
2400
FF80
2900
7680
6000
BF80
AA80
2E80
0000
ENDCHAR
STARTCHAR 0x3521
ENCODING 27231
SWIDTH 960 0
DWIDTH 10 0
BBX 10 11 0 -2
BITMAP
0200
2B00
3680
EB00
3680
6200
7F80
AA80
B300
2C80
0000
ENDCHAR
STARTCHAR 0x3B5F
ENCODING 27490
SWIDTH 960 0
DWIDTH 10 0
BBX 10 11 0 -2
BITMAP
0800
0800
0800
0800
4F00
4800
4800
4800
4800
FF80
0000
ENDCHAR
STARTCHAR 0x4035
ENCODING 27491
SWIDTH 960 0
DWIDTH 10 0
BBX 10 11 0 -2
BITMAP
0000
FF80
0800
0800
4800
4F00
4800
4800
4800
FF80
0000
ENDCHAR
STARTCHAR 0x4A62
ENCODING 27497
SWIDTH 960 0
DWIDTH 10 0
BBX 10 11 0 -2
BITMAP
0800
4F00
4800
FF80
0800
4900
9880
0200
0C00
7000
0000
ENDCHAR
STARTCHAR 0x3B44
ENCODING 27531
SWIDTH 960 0
DWIDTH 10 0
BBX 10 11 0 -2
BITMAP
0200
F280
4F80
7200
5F80
D200
BF80
1280
2300
CC80
0000
ENDCHAR
STARTCHAR 0x434A
ENCODING 27573
SWIDTH 960 0
DWIDTH 10 0
BBX 10 11 0 -2
BITMAP
0000
EF00
8900
E900
8980
E000
8F80
F900
8600
9980
0000
ENDCHAR
STARTCHAR 0x4A6C
ENCODING 27597
SWIDTH 960 0
DWIDTH 10 0
BBX 10 11 0 -2
BITMAP
0000
7F00
5100
4900
4100
FF80
4100
9100
8900
FF80
0000
ENDCHAR
STARTCHAR 0x3524
ENCODING 27671
SWIDTH 960 0
DWIDTH 10 0
BBX 10 11 0 -2
BITMAP
2000
2000
3F80
4000
BF00
0000
7F00
4500
3880
C680
0000
ENDCHAR
STARTCHAR 0x3F65
ENCODING 27700
SWIDTH 960 0
DWIDTH 10 0
BBX 10 11 0 -2
BITMAP
0800
0800
0880
E900
2A00
2A00
4900
4880
8880
1800
0000
ENDCHAR
STARTCHAR 0x4353
ENCODING 27744
SWIDTH 960 0
DWIDTH 10 0
BBX 10 11 0 -2
BITMAP
0200
8200
4A00
0B80
8E80
5A80
0A00
2800
4880
8F80
0000
ENDCHAR
STARTCHAR 0x3768
ENCODING 27770
SWIDTH 960 0
DWIDTH 10 0
BBX 10 11 0 -2
BITMAP
0200
8200
4F80
0280
8280
5F80
0200
0200
4500
9880
0000
ENDCHAR
STARTCHAR 0x324F
ENCODING 27827
SWIDTH 960 0
DWIDTH 10 0
BBX 10 11 0 -2
BITMAP
0000
BF80
4100
1D00
9500
5500
1500
1D00
4100
8300
0000
ENDCHAR
STARTCHAR 0x3168
ENCODING 27839
SWIDTH 960 0
DWIDTH 10 0
BBX 10 11 0 -2
BITMAP
0000
8700
4100
0880
9080
4000
0F80
2880
4880
8F80
0000
ENDCHAR
STARTCHAR 0x4B21
ENCODING 27861
SWIDTH 960 0
DWIDTH 10 0
BBX 10 11 0 -2
BITMAP
0400
8400
5F80
0400
8400
5F80
0500
0900
5280
9C80
0000
ENDCHAR
STARTCHAR 0x3563
ENCODING 27875
SWIDTH 960 0
DWIDTH 10 0
BBX 10 11 0 -2
BITMAP
0400
8400
5F80
0000
8900
4900
0900
0A00
4200
9F80
0000
ENDCHAR
STARTCHAR 0x4076
ENCODING 27927
SWIDTH 960 0
DWIDTH 10 0
BBX 10 11 0 -2
BITMAP
0200
9200
5F80
1200
8200
5F80
0200
2600
4A80
9380
0000
ENDCHAR
STARTCHAR 0x3368
ENCODING 27963
SWIDTH 960 0
DWIDTH 10 0
BBX 10 11 0 -2
BITMAP
0000
8F80
4200
0200
9F80
4200
0F80
2880
4880
8F80
0000
ENDCHAR
STARTCHAR 0x4E2E
ENCODING 27969
SWIDTH 960 0
DWIDTH 10 0
BBX 10 11 0 -2
BITMAP
0400
8400
5F80
0400
8900
5F80
0000
1500
5500
9580
0000
ENDCHAR
STARTCHAR 0x3324
ENCODING 28023
SWIDTH 960 0
DWIDTH 10 0
BBX 10 11 0 -2
BITMAP
0800
8800
4F80
1000
9F80
4A80
3F80
1280
5280
9F80
0000
ENDCHAR
STARTCHAR 0x3E43
ENCODING 28040
SWIDTH 960 0
DWIDTH 10 0
BBX 10 11 0 -2
BITMAP
0200
8200
5280
0B00
8200
5F80
1080
1F80
5080
9180
0000
ENDCHAR
STARTCHAR 0x4338
ENCODING 28129
SWIDTH 960 0
DWIDTH 10 0
BBX 10 11 0 -2
BITMAP
0200
8A80
4A80
0500
9880
4200
0A80
2A80
4500
9880
0000
ENDCHAR
STARTCHAR 0x453A
ENCODING 28155
SWIDTH 960 0
DWIDTH 10 0
BBX 10 11 0 -2
BITMAP
0000
9F00
4400
0400
BF80
4900
1480
2500
9480
AD00
0000
ENDCHAR
STARTCHAR 0x383A
ENCODING 28187
SWIDTH 960 0
DWIDTH 10 0
BBX 10 11 0 -2
BITMAP
0200
8280
5F80
1200
9E80
5680
1500
1D00
A280
AC80
0000
ENDCHAR
STARTCHAR 0x454F
ENCODING 28193
SWIDTH 960 0
DWIDTH 10 0
BBX 10 11 0 -2
BITMAP
0200
8200
5F80
1500
9F80
5500
1F80
2480
A700
9880
0000
ENDCHAR
STARTCHAR 0x3239
ENCODING 28201
SWIDTH 960 0
DWIDTH 10 0
BBX 10 11 0 -2
BITMAP
0000
9F00
5100
1F00
9100
5F00
0000
3F80
6A80
BF80
0000
ENDCHAR
STARTCHAR 0x3941
ENCODING 28207
SWIDTH 960 0
DWIDTH 10 0
BBX 10 11 0 -2
BITMAP
0900
8900
5F80
0900
BF80
4B00
1280
0E00
4880
8F80
0000
ENDCHAR
STARTCHAR 0x3850
ENCODING 28246
SWIDTH 960 0
DWIDTH 10 0
BBX 10 11 0 -2
BITMAP
1000
9780
7C80
1780
9480
7C80
2780
2480
BC80
8980
0000
ENDCHAR
STARTCHAR 0x4572
ENCODING 28271
SWIDTH 960 0
DWIDTH 10 0
BBX 10 11 0 -2
BITMAP
0000
9F00
5100
1F00
9100
5F80
1000
3F80
4A80
9580
0000
ENDCHAR
STARTCHAR 0x4B7E
ENCODING 28288
SWIDTH 960 0
DWIDTH 10 0
BBX 10 11 0 -2
BITMAP
0500
8500
5F80
0500
9F80
4200
1F80
1280
5780
9080
0000
ENDCHAR
STARTCHAR 0x383B
ENCODING 28304
SWIDTH 960 0
DWIDTH 10 0
BBX 10 11 0 -2
BITMAP
0000
9F80
5200
1780
9480
5780
1480
0780
9200
A680
0000
ENDCHAR
STARTCHAR 0x3D60
ENCODING 28310
SWIDTH 960 0
DWIDTH 10 0
BBX 10 11 0 -2
BITMAP
0800
8900
5F80
9200
5F80
1200
5F80
8800
FF80
0800
0000
ENDCHAR
STARTCHAR 0x4D4F
ENCODING 28342
SWIDTH 960 0
DWIDTH 10 0
BBX 10 11 0 -2
BITMAP
0200
8200
5F80
1500
8880
5700
0880
1F80
4880
8F80
0000
ENDCHAR
STARTCHAR 0x4452
ENCODING 28460
SWIDTH 960 0
DWIDTH 10 0
BBX 10 11 0 -2
BITMAP
0200
8200
5F80
0200
9F80
4200
1F80
0880
4700
9880
0000
ENDCHAR
STARTCHAR 0x473B
ENCODING 28611
SWIDTH 960 0
DWIDTH 10 0
BBX 10 11 0 -2
BITMAP
0500
8500
5F80
1280
9F80
5000
1F80
2A80
A900
8C80
0000
ENDCHAR
STARTCHAR 0x4275
ENCODING 28655
SWIDTH 960 0
DWIDTH 10 0
BBX 10 11 0 -2
BITMAP
0000
9D80
4480
1D80
8480
5F80
1200
3F80
5200
9F80
0000
ENDCHAR
STARTCHAR 0x4574
ENCODING 28783
SWIDTH 960 0
DWIDTH 10 0
BBX 10 11 0 -2
BITMAP
0000
2780
A900
B100
A100
2100
6100
5100
8900
8300
0000
ENDCHAR
STARTCHAR 0x3F66
ENCODING 28810
SWIDTH 960 0
DWIDTH 10 0
BBX 10 11 0 -2
BITMAP
0800
2800
AF80
AA80
AA80
2200
5200
5200
8500
9880
0000
ENDCHAR
STARTCHAR 0x3E47
ENCODING 28966
SWIDTH 960 0
DWIDTH 10 0
BBX 10 11 0 -2
BITMAP
2000
2400
7F00
4800
FF00
4800
7F00
0000
5500
8A80
0000
ENDCHAR
STARTCHAR 0x3E46
ENCODING 28988
SWIDTH 960 0
DWIDTH 10 0
BBX 10 11 0 -2
BITMAP
0400
2400
BF80
A400
BF80
2900
5F80
4A00
8A80
B380
0000
ENDCHAR
STARTCHAR 0x316C
ENCODING 29017
SWIDTH 960 0
DWIDTH 10 0
BBX 10 11 0 -2
BITMAP
0000
3F80
8A00
BF80
AA80
3F80
4400
5F80
8400
BF80
0000
ENDCHAR
STARTCHAR 0x4963
ENCODING 29238
SWIDTH 960 0
DWIDTH 10 0
BBX 10 11 0 -2
BITMAP
0000
2200
4100
8080
0000
2200
1400
0800
3600
C180
0000
ENDCHAR
STARTCHAR 0x4A52
ENCODING 29255
SWIDTH 960 0
DWIDTH 10 0
BBX 10 11 0 -2
BITMAP
0400
4400
4400
7F80
4000
4000
7E00
4200
8200
8200
0000
ENDCHAR
STARTCHAR 0x356D
ENCODING 29275
SWIDTH 960 0
DWIDTH 10 0
BBX 10 11 0 -2
BITMAP
0800
4800
7F00
8800
8800
0800
FF80
0800
0800
0800
0000
ENDCHAR
STARTCHAR 0x4A2A
ENCODING 29289
SWIDTH 960 0
DWIDTH 10 0
BBX 10 11 0 -2
BITMAP
0800
A800
AF80
FA80
AA80
AA80
3480
E480
2880
2B00
0000
ENDCHAR
STARTCHAR 0x3824
ENCODING 29356
SWIDTH 960 0
DWIDTH 10 0
BBX 10 11 0 -2
BITMAP
0900
0880
0800
FF80
0800
0800
0800
1400
2200
C180
0000
ENDCHAR
STARTCHAR 0x472D
ENCODING 29483
SWIDTH 960 0
DWIDTH 10 0
BBX 10 11 0 -2
BITMAP
0500
2500
BF80
4500
AF80
2A80
6F80
AA80
2A80
CF80
0000
ENDCHAR
STARTCHAR 0x383C
ENCODING 29572
SWIDTH 960 0
DWIDTH 10 0
BBX 10 11 0 -2
BITMAP
0800
0800
FF80
1000
2200
4400
2900
1100
2280
FC80
0000
ENDCHAR
STARTCHAR 0x364C
ENCODING 29577
SWIDTH 960 0
DWIDTH 10 0
BBX 10 11 0 -2
BITMAP
0000
FF80
0800
0800
0800
7F00
0800
0A00
0900
FF80
0000
ENDCHAR
STARTCHAR 0x4D7D
ENCODING 29702
SWIDTH 960 0
DWIDTH 10 0
BBX 10 11 0 -2
BITMAP
0000
1F80
F280
5F80
5280
FF80
4200
5F80
E200
1F80
0000
ENDCHAR
STARTCHAR 0x3445
ENCODING 29976
SWIDTH 960 0
DWIDTH 10 0
BBX 10 11 0 -2
BITMAP
2100
2100
2100
FF80
2100
2100
3F00
2100
2100
3F00
0000
ENDCHAR
STARTCHAR 0x4038
ENCODING 29983
SWIDTH 960 0
DWIDTH 10 0
BBX 10 11 0 -2
BITMAP
0800
4800
4800
7F00
8800
8800
7F00
0800
0800
FF80
0000
ENDCHAR
STARTCHAR 0x4D51
ENCODING 29992
SWIDTH 960 0
DWIDTH 10 0
BBX 10 11 0 -2
BITMAP
0000
7F80
4880
7F80
4880
4880
7F80
4880
8880
8980
0000
ENDCHAR
STARTCHAR 0x4D33
ENCODING 30001
SWIDTH 960 0
DWIDTH 10 0
BBX 10 11 0 -2
BITMAP
0800
0800
0800
7F80
4880
4880
7F80
4880
4880
7F80
0000
ENDCHAR
STARTCHAR 0x3268
ENCODING 30011
SWIDTH 960 0
DWIDTH 10 0
BBX 10 11 0 -2
BITMAP
0000
FF80
0800
BE80
AA80
BE80
AA80
BE80
8080
FF80
0000
ENDCHAR
STARTCHAR 0x4772
ENCODING 30333
SWIDTH 960 0
DWIDTH 10 0
BBX 10 11 0 -2
BITMAP
0400
0800
1000
7F80
4080
4080
7F80
4080
4080
7F80
0000
ENDCHAR
STARTCHAR 0x3B2E
ENCODING 30399
SWIDTH 960 0
DWIDTH 10 0
BBX 10 11 0 -2
BITMAP
0000
7F00
5500
5500
5500
5500
5500
5500
5500
FF80
0000
ENDCHAR
STARTCHAR 0x4C5C
ENCODING 30446
SWIDTH 960 0
DWIDTH 10 0
BBX 10 11 0 -2
BITMAP
0000
7F00
4100
7F00
4100
4100
7F00
4100
4100
7F00
0000
ENDCHAR
STARTCHAR 0x443E
ENCODING 30452
SWIDTH 960 0
DWIDTH 10 0
BBX 10 11 0 -2
BITMAP
0400
FF80
0400
3F00
2100
BF00
A100
BF00
8000
FF80
0000
ENDCHAR
STARTCHAR 0x3447
ENCODING 30475
SWIDTH 960 0
DWIDTH 10 0
BBX 10 11 0 -2
BITMAP
0000
FF80
0800
7F00
1000
FF80
2100
7F00
A100
3F00
0000
ENDCHAR
STARTCHAR 0x3F3F
ENCODING 30495
SWIDTH 960 0
DWIDTH 10 0
BBX 10 11 0 -2
BITMAP
0800
FF80
0800
3E00
2200
3E00
2200
FF80
2200
C180
0000
ENDCHAR
STARTCHAR 0x4C32
ENCODING 30496
SWIDTH 960 0
DWIDTH 10 0
BBX 10 11 0 -2
BITMAP
0000
EF80
A880
E880
AF80
A900
EF80
A900
A880
EE80
0000
ENDCHAR
STARTCHAR 0x3463
ENCODING 30524
SWIDTH 960 0
DWIDTH 10 0
BBX 10 11 0 -2
BITMAP
0000
EF80
A880
EF80
A880
AF80
EA00
AA80
A900
EC80
0000
ENDCHAR
STARTCHAR 0x4365
ENCODING 30528
SWIDTH 960 0
DWIDTH 10 0
BBX 10 11 0 -2
BITMAP
1100
1200
FF80
0800
7F80
1100
FF80
3100
D100
1F00
0000
ENDCHAR
STARTCHAR 0x3D56
ENCODING 30636
SWIDTH 960 0
DWIDTH 10 0
BBX 10 11 0 -2
BITMAP
0000
FF80
AA80
E100
BF80
AC80
F780
AD00
A780
F900
0000
ENDCHAR
STARTCHAR 0x434E
ENCODING 30693
SWIDTH 960 0
DWIDTH 10 0
BBX 10 11 0 -2
BITMAP
4000
4000
7F80
A480
A480
FC80
2480
2480
5480
8F80
0000
ENDCHAR
STARTCHAR 0x3826
ENCODING 30740
SWIDTH 960 0
DWIDTH 10 0
BBX 10 11 0 -2
BITMAP
0000
FF80
4900
4900
8900
FF80
A900
A900
A900
F100
0000
ENDCHAR
STARTCHAR 0x474B
ENCODING 30772
SWIDTH 960 0
DWIDTH 10 0
BBX 10 11 0 -2
BITMAP
0200
E200
5F80
5280
9200
FF80
A480
A500
A300
EC80
0000
ENDCHAR
STARTCHAR 0x3C52
ENCODING 31038
SWIDTH 960 0
DWIDTH 10 0
BBX 10 11 0 -2
BITMAP
0200
4200
4200
FF80
1200
2200
6200
D200
4200
5F80
0000
ENDCHAR
STARTCHAR 0x4144
ENCODING 31062
SWIDTH 960 0
DWIDTH 10 0
BBX 10 11 0 -2
BITMAP
0000
4F80
4880
EF80
2880
2880
4F80
E880
4880
5F80
0000
ENDCHAR
STARTCHAR 0x3B64
ENCODING 31169
SWIDTH 960 0
DWIDTH 10 0
BBX 10 11 0 -2
BITMAP
0000
3200
C200
4200
F400
4400
6900
C900
5280
5C80
0000
ENDCHAR
STARTCHAR 0x3D29
ENCODING 31179
SWIDTH 960 0
DWIDTH 10 0
BBX 10 11 0 -2
BITMAP
0200
1A00
E280
2A80
FA80
2B00
3200
6200
A500
3880
0000
ENDCHAR
STARTCHAR 0x4943
ENCODING 31186
SWIDTH 960 0
DWIDTH 10 0
BBX 10 11 0 -2
BITMAP
0200
1A00
E200
2A80
FA80
2200
6600
B080
2300
2C00
0000
ENDCHAR
STARTCHAR 0x3675
ENCODING 31354
SWIDTH 960 0
DWIDTH 10 0
BBX 10 11 0 -2
BITMAP
0800
0800
FF80
9480
1400
6700
0000
7F00
0800
FF80
0000
ENDCHAR
STARTCHAR 0x416B
ENCODING 31379
SWIDTH 960 0
DWIDTH 10 0
BBX 10 11 0 -2
BITMAP
0800
0800
FF80
9480
6700
1000
7F00
0400
5100
9E80
0000
ENDCHAR
STARTCHAR 0x4E29
ENCODING 31435
SWIDTH 960 0
DWIDTH 10 0
BBX 10 11 0 -2
BITMAP
0800
0800
FF80
0000
2200
2200
2200
2400
0400
FF80
0000
ENDCHAR
STARTCHAR 0x3E4F
ENCODING 31456
SWIDTH 960 0
DWIDTH 10 0
BBX 10 11 0 -2
BITMAP
0800
0800
FF80
1200
FF80
2200
3E00
2200
FF80
0800
0000
ENDCHAR
STARTCHAR 0x433C
ENCODING 31471
SWIDTH 960 0
DWIDTH 10 0
BBX 10 11 0 -2
BITMAP
0200
4A80
4A80
FF80
2000
BF80
A400
3F80
EA80
2A80
0000
ENDCHAR
STARTCHAR 0x3E50
ENCODING 31505
SWIDTH 960 0
DWIDTH 10 0
BBX 10 11 0 -2
BITMAP
0400
4400
7780
AA00
1000
7F00
0800
FF80
2200
C180
0000
ENDCHAR
STARTCHAR 0x4964
ENCODING 31526
SWIDTH 960 0
DWIDTH 10 0
BBX 10 11 0 -2
BITMAP
0400
4400
7780
A900
2100
5F80
C100
5100
4900
4300
0000
ENDCHAR
STARTCHAR 0x492E
ENCODING 31558
SWIDTH 960 0
DWIDTH 10 0
BBX 10 11 0 -2
BITMAP
0400
4400
7780
A900
7F00
0900
FF80
0900
FF80
0800
0000
ENDCHAR
STARTCHAR 0x457A
ENCODING 31572
SWIDTH 960 0
DWIDTH 10 0
BBX 10 11 0 -2
BITMAP
0400
4400
7780
A900
1200
3D00
4080
BF00
2100
3F00
0000
ENDCHAR
STARTCHAR 0x3B3B
ENCODING 31639
SWIDTH 960 0
DWIDTH 10 0
BBX 10 11 0 -2
BITMAP
0400
4400
7780
A900
7F00
4100
7F00
2200
FF80
4200
0000
ENDCHAR
STARTCHAR 0x4822
ENCODING 31665
SWIDTH 960 0
DWIDTH 10 0
BBX 10 11 0 -2
BITMAP
0400
4400
7780
A900
2F80
F880
2F80
6880
B880
2F80
0000
ENDCHAR
STARTCHAR 0x4824
ENCODING 31672
SWIDTH 960 0
DWIDTH 10 0
BBX 10 11 0 -2
BITMAP
0400
4400
7780
AA00
0900
FF80
1200
FF80
5100
9F00
0000
ENDCHAR
STARTCHAR 0x4061
ENCODING 31680
SWIDTH 960 0
DWIDTH 10 0
BBX 10 11 0 -2
BITMAP
4400
4400
7780
A900
F780
9480
F480
A480
9480
ED80
0000
ENDCHAR
STARTCHAR 0x4A46
ENCODING 31859
SWIDTH 960 0
DWIDTH 10 0
BBX 10 11 0 -2
BITMAP
0800
0800
4900
2A00
0800
FF80
1A00
2900
C880
0800
0000
ENDCHAR
STARTCHAR 0x3B66
ENCODING 32025
SWIDTH 960 0
DWIDTH 10 0
BBX 10 11 0 -2
BITMAP
0000
4180
8F00
F900
2900
4F80
F900
2900
A880
AE80
0000
ENDCHAR
STARTCHAR 0x3D2A
ENCODING 32066
SWIDTH 960 0
DWIDTH 10 0
BBX 10 11 0 -2
BITMAP
0400
4400
8780
F880
2500
4600
F980
2200
AC00
A380
0000
ENDCHAR
STARTCHAR 0x376B
ENCODING 32080
SWIDTH 960 0
DWIDTH 10 0
BBX 10 11 0 -2
BITMAP
0200
4200
9F80
E200
2F80
4000
FF80
2880
A880
AF80
0000
ENDCHAR
STARTCHAR 0x4233
ENCODING 32154
SWIDTH 960 0
DWIDTH 10 0
BBX 10 11 0 -2
BITMAP
0200
4200
8F80
F200
2F80
4000
FF80
2880
A500
A980
0000
ENDCHAR
STARTCHAR 0x3D6F
ENCODING 32210
SWIDTH 960 0
DWIDTH 10 0
BBX 10 11 0 -2
BITMAP
0400
4480
9F80
E480
4500
9F80
E880
3F80
A880
AF80
0000
ENDCHAR
STARTCHAR 0x407E
ENCODING 32218
SWIDTH 960 0
DWIDTH 10 0
BBX 10 11 0 -2
BITMAP
0200
4400
8F80
F880
2F80
4880
FF80
2280
AB00
B680
0000
ENDCHAR
STARTCHAR 0x4E7D
ENCODING 32244
SWIDTH 960 0
DWIDTH 10 0
BBX 10 11 0 -2
BITMAP
0200
4200
9F80
EA80
2F80
4A80
FF80
2600
AA80
B280
0000
ENDCHAR
STARTCHAR 0x344C
ENCODING 32566
SWIDTH 960 0
DWIDTH 10 0
BBX 10 11 0 -2
BITMAP
2000
2000
3F00
4800
8800
FF80
0800
4900
4900
7F00
0000
ENDCHAR
STARTCHAR 0x3732
ENCODING 32676
SWIDTH 960 0
DWIDTH 10 0
BBX 10 11 0 -2
BITMAP
0480
F500
5000
FF80
5200
F780
4200
7F80
D200
7200
0000
ENDCHAR
STARTCHAR 0x3D2C
ENCODING 32722
SWIDTH 960 0
DWIDTH 10 0
BBX 10 11 0 -2
BITMAP
0000
F780
9480
5280
9480
7F00
4100
7F00
4100
7F00
0000
ENDCHAR
STARTCHAR 0x394D
ENCODING 32771
SWIDTH 960 0
DWIDTH 10 0
BBX 10 11 0 -2
BITMAP
0800
0800
7F80
0900
0A00
FF80
3000
5F00
8100
0E00
0000
ENDCHAR
STARTCHAR 0x3C2A
ENCODING 32819
SWIDTH 960 0
DWIDTH 10 0
BBX 10 11 0 -2
BITMAP
0000
FF80
2100
3F00
2100
3F00
2180
3F00
C100
0100
0000
ENDCHAR
STARTCHAR 0x4A39
ENCODING 32862
SWIDTH 960 0
DWIDTH 10 0
BBX 10 11 0 -2
BITMAP
0000
F780
9480
F780
9480
FF80
A280
BE80
E280
8280
0000
ENDCHAR
STARTCHAR 0x3978
ENCODING 33136
SWIDTH 960 0
DWIDTH 10 0
BBX 10 11 0 -2
BITMAP
0000
FF80
A500
FF80
AA80
AA80
FF80
A900
AE00
B180
0000
ENDCHAR
STARTCHAR 0x3C2B
ENCODING 33258
SWIDTH 960 0
DWIDTH 10 0
BBX 10 11 0 -2
BITMAP
0800
1000
7F00
4100
7F00
4100
7F00
4100
4100
7F00
0000
ENDCHAR
STARTCHAR 0x4E49
ENCODING 33391
SWIDTH 960 0
DWIDTH 10 0
BBX 10 11 0 -2
BITMAP
0800
0800
7F00
4100
7F00
4100
7F00
4900
4600
F180
0000
ENDCHAR
STARTCHAR 0x3F27
ENCODING 33394
SWIDTH 960 0
DWIDTH 10 0
BBX 10 11 0 -2
BITMAP
0000
3E00
4400
FF00
4900
4900
7F00
4000
4080
7F80
0000
ENDCHAR
STARTCHAR 0x4D6E
ENCODING 33853
SWIDTH 960 0
DWIDTH 10 0
BBX 10 11 0 -2
BITMAP
2200
2200
FF80
4200
2F00
9100
4A00
1F00
5180
9F00
0000
ENDCHAR
STARTCHAR 0x4222
ENCODING 34101
SWIDTH 960 0
DWIDTH 10 0
BBX 10 11 0 -2
BITMAP
2200
2200
FF80
2200
FF80
A500
BD80
A900
BE80
8480
0000
ENDCHAR
STARTCHAR 0x436E
ENCODING 34411
SWIDTH 960 0
DWIDTH 10 0
BBX 10 11 0 -2
BITMAP
0800
0800
7F00
4900
4900
4900
7F00
0880
0880
FF80
0000
ENDCHAR
STARTCHAR 0x3263
ENCODING 34442
SWIDTH 960 0
DWIDTH 10 0
BBX 10 11 0 -2
BITMAP
0200
2200
2200
FF80
A880
AA80
FA80
2100
2B00
FC80
0000
ENDCHAR
STARTCHAR 0x3954
ENCODING 34892
SWIDTH 960 0
DWIDTH 10 0
BBX 10 11 0 -2
BITMAP
0000
4F80
8000
0000
2F80
4100
C100
4100
4100
4700
0000
ENDCHAR
STARTCHAR 0x3339
ENCODING 34903
SWIDTH 960 0
DWIDTH 10 0
BBX 10 11 0 -2
BITMAP
0800
4B80
9C00
0800
3D80
4880
DC80
4880
4880
5D80
0000
ENDCHAR
STARTCHAR 0x493D
ENCODING 34920
SWIDTH 960 0
DWIDTH 10 0
BBX 10 11 0 -2
BITMAP
0800
0800
FF80
0800
7F00
0800
FF80
2900
C600
7180
0000
ENDCHAR
STARTCHAR 0x425E
ENCODING 34955
SWIDTH 960 0
DWIDTH 10 0
BBX 10 11 0 -2
BITMAP
0400
2480
5F80
C200
4200
4900
FF80
2900
C600
7180
0000
ENDCHAR
STARTCHAR 0x4E22
ENCODING 35023
SWIDTH 960 0
DWIDTH 10 0
BBX 10 11 0 -2
BITMAP
0800
0800
FF80
4900
7F00
4900
FF80
2900
C600
7180
0000
ENDCHAR
STARTCHAR 0x382B
ENCODING 35211
SWIDTH 960 0
DWIDTH 10 0
BBX 10 11 0 -2
BITMAP
0000
3F00
2100
3F00
2100
2100
3F00
1400
2480
C780
0000
ENDCHAR
STARTCHAR 0x3350
ENCODING 35226
SWIDTH 960 0
DWIDTH 10 0
BBX 10 11 0 -2
BITMAP
0800
2A00
FF80
A280
BE80
2200
2200
3E00
2480
C780
0000
ENDCHAR
STARTCHAR 0x3351
ENCODING 35282
SWIDTH 960 0
DWIDTH 10 0
BBX 10 11 0 -2
BITMAP
0000
3F00
4200
FF80
4880
7F80
4880
7F80
8080
8180
0000
ENDCHAR
STARTCHAR 0x3272
ENCODING 35299
SWIDTH 960 0
DWIDTH 10 0
BBX 10 11 0 -2
BITMAP
0000
7780
9280
FA80
AD80
F900
AF80
F900
8F80
9900
0000
ENDCHAR
STARTCHAR 0x3F28
ENCODING 35302
SWIDTH 960 0
DWIDTH 10 0
BBX 10 11 0 -2
BITMAP
0200
7200
9200
FF80
AA80
FA80
AF80
FA00
8A80
9F80
0000
ENDCHAR
STARTCHAR 0x3840
ENCODING 35328
SWIDTH 960 0
DWIDTH 10 0
BBX 10 11 0 -2
BITMAP
0000
3E00
0000
FF80
0000
3E00
0000
7F00
4100
7F00
0000
ENDCHAR
STARTCHAR 0x3757
ENCODING 35336
SWIDTH 960 0
DWIDTH 10 0
BBX 10 11 0 -2
BITMAP
0100
F100
0100
F100
0F80
F100
0100
F100
9100
F100
0000
ENDCHAR
STARTCHAR 0x352D
ENCODING 35352
SWIDTH 960 0
DWIDTH 10 0
BBX 10 11 0 -2
BITMAP
0000
EF80
0080
E080
0F80
E800
0800
E880
A880
EF80
0000
ENDCHAR
STARTCHAR 0x3576
ENCODING 35377
SWIDTH 960 0
DWIDTH 10 0
BBX 10 11 0 -2
BITMAP
0800
E800
0F80
F200
0200
E200
1F80
E200
A200
E200
0000
ENDCHAR
STARTCHAR 0x4C75
ENCODING 35379
SWIDTH 960 0
DWIDTH 10 0
BBX 10 11 0 -2
BITMAP
0000
EF80
0880
E880
0F80
E900
0900
E900
B080
E080
0000
ENDCHAR
STARTCHAR 0x4F43
ENCODING 35441
SWIDTH 960 0
DWIDTH 10 0
BBX 10 11 0 -2
BITMAP
0000
E180
0E00
E200
0F80
E200
0F80
E880
A880
EF80
0000
ENDCHAR
STARTCHAR 0x386C
ENCODING 35486
SWIDTH 960 0
DWIDTH 10 0
BBX 10 11 0 -2
BITMAP
0000
EF80
0200
EF80
0480
EF80
0000
EF80
A880
EF80
0000
ENDCHAR
STARTCHAR 0x4062
ENCODING 35500
SWIDTH 960 0
DWIDTH 10 0
BBX 10 11 0 -2
BITMAP
0900
EA00
0000
EF80
0880
E880
0F80
E500
A900
F180
0000
ENDCHAR
STARTCHAR 0x4649
ENCODING 35501
SWIDTH 960 0
DWIDTH 10 0
BBX 10 11 0 -2
BITMAP
0200
E200
0F80
E200
0F80
E000
0F80
E880
A500
E980
0000
ENDCHAR
STARTCHAR 0x3544
ENCODING 35696
SWIDTH 960 0
DWIDTH 10 0
BBX 10 11 0 -2
BITMAP
0900
E200
1F80
E200
0F80
E200
1F80
EA80
BD00
EA80
0000
ENDCHAR
STARTCHAR 0x4969
ENCODING 36000
SWIDTH 960 0
DWIDTH 10 0
BBX 10 11 0 -2
BITMAP
0000
3E00
4200
FF00
4100
7F00
4100
7F00
2200
C180
0000
ENDCHAR
STARTCHAR 0x484E
ENCODING 36009
SWIDTH 960 0
DWIDTH 10 0
BBX 10 11 0 -2
BITMAP
0000
EF80
A800
E800
AF80
A880
F480
0500
A300
AC80
0000
ENDCHAR
STARTCHAR 0x4055
ENCODING 36012
SWIDTH 960 0
DWIDTH 10 0
BBX 10 11 0 -2
BITMAP
0800
0800
FF80
0800
7F00
0800
FF80
2200
3E00
C180
0000
ENDCHAR
STARTCHAR 0x4763
ENCODING 36023
SWIDTH 960 0
DWIDTH 10 0
BBX 10 11 0 -2
BITMAP
0000
7F80
5280
7F80
2100
3F00
2100
3F00
1200
6180
0000
ENDCHAR
STARTCHAR 0x4056
ENCODING 36196
SWIDTH 960 0
DWIDTH 10 0
BBX 10 11 0 -2
BITMAP
0800
0800
7F00
0800
FF80
1200
5300
9280
2200
2600
0000
ENDCHAR
STARTCHAR 0x4176
ENCODING 36208
SWIDTH 960 0
DWIDTH 10 0
BBX 10 11 0 -2
BITMAP
0800
0800
7F00
0800
FF80
0800
2F00
2800
3800
C780
0000
ENDCHAR
STARTCHAR 0x352F
ENCODING 36215
SWIDTH 960 0
DWIDTH 10 0
BBX 10 11 0 -2
BITMAP
2000
2780
F880
2080
FF80
2400
3C80
A780
E000
9F80
0000
ENDCHAR
STARTCHAR 0x422D
ENCODING 36275
SWIDTH 960 0
DWIDTH 10 0
BBX 10 11 0 -2
BITMAP
0000
7F00
4100
4100
7F00
0800
2F00
2800
3800
C780
0000
ENDCHAR
STARTCHAR 0x3C56
ENCODING 36554
SWIDTH 960 0
DWIDTH 10 0
BBX 10 11 0 -2
BITMAP
0800
0800
FF80
4900
7F00
4900
7F00
0800
FF80
0800
0000
ENDCHAR
STARTCHAR 0x453E
ENCODING 36578
SWIDTH 960 0
DWIDTH 10 0
BBX 10 11 0 -2
BITMAP
2000
2780
F800
2000
FF80
AA00
FA00
A480
FC80
2780
0000
ENDCHAR
STARTCHAR 0x4A55
ENCODING 36794
SWIDTH 960 0
DWIDTH 10 0
BBX 10 11 0 -2
BITMAP
0000
9F80
4480
0480
0480
C880
4980
4000
A000
9F80
0000
ENDCHAR
STARTCHAR 0x397E
ENCODING 36796
SWIDTH 960 0
DWIDTH 10 0
BBX 10 11 0 -2
BITMAP
0000
8E00
4200
0200
0200
C500
4880
4000
A000
9F80
0000
ENDCHAR
STARTCHAR 0x3661
ENCODING 36817
SWIDTH 960 0
DWIDTH 10 0
BBX 10 11 0 -2
BITMAP
0000
4300
2C00
0800
0F80
E900
2900
2100
5000
8F80
0000
ENDCHAR
STARTCHAR 0x4A56
ENCODING 36820
SWIDTH 960 0
DWIDTH 10 0
BBX 10 11 0 -2
BITMAP
0000
8F80
4800
0F80
0880
CA80
4300
4C80
A000
9F80
0000
ENDCHAR
STARTCHAR 0x4177
ENCODING 36865
SWIDTH 960 0
DWIDTH 10 0
BBX 10 11 0 -2
BITMAP
0900
8A00
4000
1F80
0200
DF80
4500
4880
A000
9F80
0000
ENDCHAR
STARTCHAR 0x4553
ENCODING 36884
SWIDTH 960 0
DWIDTH 10 0
BBX 10 11 0 -2
BITMAP
0000
8F00
5080
0F80
0200
DF80
4A00
5280
A000
9F80
0000
ENDCHAR
STARTCHAR 0x444C
ENCODING 36890
SWIDTH 960 0
DWIDTH 10 0
BBX 10 11 0 -2
BITMAP
0000
9F80
4100
1F80
1280
DF80
5280
5280
A000
9F80
0000
ENDCHAR
STARTCHAR 0x3D35
ENCODING 36913
SWIDTH 960 0
DWIDTH 10 0
BBX 10 11 0 -2
BITMAP
0000
9F80
5280
1F80
1280
DF80
5480
5780
A000
9F80
0000
ENDCHAR
STARTCHAR 0x3F4A
ENCODING 36914
SWIDTH 960 0
DWIDTH 10 0
BBX 10 11 0 -2
BITMAP
0400
8500
4F80
0900
1F80
C900
4900
4F80
A000
9F80
0000
ENDCHAR
STARTCHAR 0x4359
ENCODING 36933
SWIDTH 960 0
DWIDTH 10 0
BBX 10 11 0 -2
BITMAP
0000
9F80
5080
1F80
1500
DF80
5200
5F80
A200
9F80
0000
ENDCHAR
STARTCHAR 0x313F
ENCODING 36939
SWIDTH 960 0
DWIDTH 10 0
BBX 10 11 0 -2
BITMAP
0000
1F80
9280
5F80
0A80
CF80
4A80
5F80
A200
9F80
0000
ENDCHAR
STARTCHAR 0x3261
ENCODING 36942
SWIDTH 960 0
DWIDTH 10 0
BBX 10 11 0 -2
BITMAP
0000
8F00
4900
0B00
0A00
DF80
5480
5780
A000
9F80
0000
ENDCHAR
STARTCHAR 0x463B
ENCODING 36947
SWIDTH 960 0
DWIDTH 10 0
BBX 10 11 0 -2
BITMAP
0900
8A00
4000
1F80
0200
CF80
4880
4F80
A000
9F80
0000
ENDCHAR
STARTCHAR 0x4323
ENCODING 36948
SWIDTH 960 0
DWIDTH 10 0
BBX 10 11 0 -2
BITMAP
0200
8200
5F80
0900
0900
DF80
4200
5F80
A200
9F80
0000
ENDCHAR
STARTCHAR 0x3173
ENCODING 36960
SWIDTH 960 0
DWIDTH 10 0
BBX 10 11 0 -2
BITMAP
0200
8200
5F80
0200
1F80
C900
4F00
4A80
A200
9F80
0000
ENDCHAR
STARTCHAR 0x412A
ENCODING 36984
SWIDTH 960 0
DWIDTH 10 0
BBX 10 11 0 -2
BITMAP
0000
9D80
4480
0900
1F80
C500
5F80
4900
A000
9F80
0000
ENDCHAR
STARTCHAR 0x4974
ENCODING 37096
SWIDTH 960 0
DWIDTH 10 0
BBX 10 11 0 -2
BITMAP
2000
2380
FE80
4A80
4B00
FE80
0280
FA80
8B00
FA00
0000
ENDCHAR
STARTCHAR 0x3D45
ENCODING 37325
SWIDTH 960 0
DWIDTH 10 0
BBX 10 11 0 -2
BITMAP
0000
7F00
0800
FF80
4900
7F00
4900
7F00
0800
FF80
0000
ENDCHAR
STARTCHAR 0x3174
ENCODING 37467
SWIDTH 960 0
DWIDTH 10 0
BBX 10 11 0 -2
BITMAP
0000
7700
8100
F480
2880
F000
2F80
A880
2880
FF80
0000
ENDCHAR
STARTCHAR 0x412C
ENCODING 37549
SWIDTH 960 0
DWIDTH 10 0
BBX 10 11 0 -2
BITMAP
0200
7280
8F80
F200
2F80
F200
2F80
B280
2300
FC80
0000
ENDCHAR
STARTCHAR 0x3640
ENCODING 37857
SWIDTH 960 0
DWIDTH 10 0
BBX 10 11 0 -2
BITMAP
0200
7200
8F80
F500
2500
FF80
2880
AF80
2500
F980
0000
ENDCHAR
STARTCHAR 0x4439
ENCODING 38263
SWIDTH 960 0
DWIDTH 10 0
BBX 10 11 0 -2
BITMAP
0000
3F00
2000
3F00
2000
FF80
2900
2500
2200
7980
0000
ENDCHAR
STARTCHAR 0x4A44
ENCODING 38281
SWIDTH 960 0
DWIDTH 10 0
BBX 10 11 0 -2
BITMAP
0000
F780
9480
F780
9480
F780
8480
BE80
9480
A580
0000
ENDCHAR
STARTCHAR 0x332B
ENCODING 38283
SWIDTH 960 0
DWIDTH 10 0
BBX 10 11 0 -2
BITMAP
0000
F780
9480
F780
9480
FF80
9480
BE80
9480
A580
0000
ENDCHAR
STARTCHAR 0x3456
ENCODING 38291
SWIDTH 960 0
DWIDTH 10 0
BBX 10 11 0 -2
BITMAP
0000
F780
9480
F780
9480
FF80
A280
BE80
A280
BE80
0000
ENDCHAR
STARTCHAR 0x3458
ENCODING 38306
SWIDTH 960 0
DWIDTH 10 0
BBX 10 11 0 -2
BITMAP
0000
F780
9480
F780
9480
FF80
8880
BE80
9480
A280
0000
ENDCHAR
STARTCHAR 0x332C
ENCODING 38542
SWIDTH 960 0
DWIDTH 10 0
BBX 10 11 0 -2
BITMAP
0100
E900
AD80
A900
C900
AF80
A880
CF80
8880
8F80
0000
ENDCHAR
STARTCHAR 0x3764
ENCODING 38553
SWIDTH 960 0
DWIDTH 10 0
BBX 10 11 0 -2
BITMAP
0200
EA80
AA80
B200
CF80
A880
AF80
C200
9280
A680
0000
ENDCHAR
STARTCHAR 0x3123
ENCODING 38560
SWIDTH 960 0
DWIDTH 10 0
BBX 10 11 0 -2
BITMAP
0000
FF80
AA80
A100
CF80
A080
AF80
C200
A880
AE80
0000
ENDCHAR
STARTCHAR 0x4E59
ENCODING 38563
SWIDTH 960 0
DWIDTH 10 0
BBX 10 11 0 -2
BITMAP
0200
EA80
AB00
BF80
C200
AE80
AB80
DA80
8780
9880
0000
ENDCHAR
STARTCHAR 0x312B
ENCODING 38632
SWIDTH 960 0
DWIDTH 10 0
BBX 10 11 0 -2
BITMAP
0000
FF80
0800
FF80
8880
AA80
9980
8880
AA80
9980
0000
ENDCHAR
STARTCHAR 0x4063
ENCODING 38634
SWIDTH 960 0
DWIDTH 10 0
BBX 10 11 0 -2
BITMAP
0000
7F00
0800
FF80
AA80
7F00
0100
7F00
0100
7F00
0000
ENDCHAR
STARTCHAR 0x3140
ENCODING 38642
SWIDTH 960 0
DWIDTH 10 0
BBX 10 11 0 -2
BITMAP
0000
7F00
0800
FF80
AA80
7F00
0000
FF80
2200
7D00
0000
ENDCHAR
STARTCHAR 0x4545
ENCODING 38651
SWIDTH 960 0
DWIDTH 10 0
BBX 10 11 0 -2
BITMAP
0000
7F00
0800
FF80
AA80
7F00
4900
7F00
4880
0F80
0000
ENDCHAR
STARTCHAR 0x4044
ENCODING 38738
SWIDTH 960 0
DWIDTH 10 0
BBX 10 11 0 -2
BITMAP
0800
0800
FF80
0800
7F00
0800
FF80
4100
7F00
4100
0000
ENDCHAR
STARTCHAR 0x4045
ENCODING 38745
SWIDTH 960 0
DWIDTH 10 0
BBX 10 11 0 -2
BITMAP
4000
4F00
F100
4F80
F280
4F80
F280
9F80
F200
9600
0000
ENDCHAR
STARTCHAR 0x4C4C
ENCODING 38754
SWIDTH 960 0
DWIDTH 10 0
BBX 10 11 0 -2
BITMAP
0000
FF80
0800
FF80
A280
BE80
A280
BE80
A280
FF80
0000
ENDCHAR
STARTCHAR 0x3724
ENCODING 38772
SWIDTH 960 0
DWIDTH 10 0
BBX 10 11 0 -2
BITMAP
0200
5200
FE00
4A80
FB00
AA00
FA00
2A80
FA80
2B80
0000
ENDCHAR
STARTCHAR 0x323B
ENCODING 38899
SWIDTH 960 0
DWIDTH 10 0
BBX 10 11 0 -2
BITMAP
0800
0800
7F80
1200
1200
FF80
2100
3F00
2100
3F00
0000
ENDCHAR
STARTCHAR 0x462C
ENCODING 38957
SWIDTH 960 0
DWIDTH 10 0
BBX 10 11 0 -2
BITMAP
0000
FF80
0400
FF80
9080
9F80
F080
5F80
5500
F880
0000
ENDCHAR
STARTCHAR 0x426A
ENCODING 38988
SWIDTH 960 0
DWIDTH 10 0
BBX 10 11 0 -2
BITMAP
0000
F780
9200
F780
9480
F780
2200
B480
E000
9F80
0000
ENDCHAR
STARTCHAR 0x335B
ENCODING 38989
SWIDTH 960 0
DWIDTH 10 0
BBX 10 11 0 -2
BITMAP
4000
4F80
F200
AF80
4880
AF80
1880
EF80
A500
F880
0000
ENDCHAR
STARTCHAR 0x3469
ENCODING 38996
SWIDTH 960 0
DWIDTH 10 0
BBX 10 11 0 -2
BITMAP
2000
2F80
F200
5F80
5080
FF80
A880
DF80
2500
D880
0000
ENDCHAR
STARTCHAR 0x346A
ENCODING 39000
SWIDTH 960 0
DWIDTH 10 0
BBX 10 11 0 -2
BITMAP
0000
FF80
A200
FF80
8880
FF80
8880
FF80
2500
B880
0000
ENDCHAR
STARTCHAR 0x4977
ENCODING 39080
SWIDTH 960 0
DWIDTH 10 0
BBX 10 11 0 -2
BITMAP
0000
7F00
4100
7F00
5100
7D00
5500
7C80
9280
FE80
0000
ENDCHAR
STARTCHAR 0x3F29
ENCODING 39135
SWIDTH 960 0
DWIDTH 10 0
BBX 10 11 0 -2
BITMAP
0000
1C00
2A00
7F00
C180
7F00
4100
7F00
4200
F180
0000
ENDCHAR
STARTCHAR 0x4853
ENCODING 39151
SWIDTH 960 0
DWIDTH 10 0
BBX 10 11 0 -2
BITMAP
0000
6F80
8800
F800
8F80
F880
8A80
FA80
9300
EC80
0000
ENDCHAR
STARTCHAR 0x307B
ENCODING 39154
SWIDTH 960 0
DWIDTH 10 0
BBX 10 11 0 -2
BITMAP
0400
7400
8780
FA80
8A80
FA00
8A00
FA00
9500
E880
0000
ENDCHAR
STARTCHAR 0x712D
ENCODING 39171
SWIDTH 960 0
DWIDTH 10 0
BBX 10 11 0 -2
BITMAP
0200
6200
8F80
F500
9880
F000
9900
F500
8600
F980
0000
ENDCHAR
STARTCHAR 0x345B
ENCODING 39208
SWIDTH 960 0
DWIDTH 10 0
BBX 10 11 0 -2
BITMAP
0200
6200
8F80
F480
9780
F400
9780
F480
A480
D780
0000
ENDCHAR
STARTCHAR 0x3961
ENCODING 39321
SWIDTH 960 0
DWIDTH 10 0
BBX 10 11 0 -2
BITMAP
0000
7F00
0800
FF80
2A00
7F00
C180
7F00
4100
7F00
0000
ENDCHAR
STARTCHAR 0x3158
ENCODING 39365
SWIDTH 960 0
DWIDTH 10 0
BBX 10 11 0 -2
BITMAP
0000
F780
A480
F480
A480
A780
F500
1500
D880
3080
0000
ENDCHAR
STARTCHAR 0x3962
ENCODING 39640
SWIDTH 960 0
DWIDTH 10 0
BBX 10 11 0 -2
BITMAP
0800
0800
FF80
2200
3E00
0000
FF80
A280
BE80
8180
0000
ENDCHAR
STARTCHAR 0x4831
ENCODING 39658
SWIDTH 960 0
DWIDTH 10 0
BBX 10 11 0 -2
BITMAP
0000
7980
4600
7180
4600
F980
4E00
3180
CE00
3180
0000
ENDCHAR
STARTCHAR 0x443B
ENCODING 40165
SWIDTH 960 0
DWIDTH 10 0
BBX 10 11 0 -2
BITMAP
0800
1000
7E00
4200
7E00
4200
7F80
0080
5480
AB00
0000
ENDCHAR
STARTCHAR 0x4C44
ENCODING 40180
SWIDTH 960 0
DWIDTH 10 0
BBX 10 11 0 -2
BITMAP
0200
0400
EF00
A900
AF00
A900
AF80
A080
EA80
1580
0000
ENDCHAR
STARTCHAR 0x3C2F
ENCODING 40575
SWIDTH 960 0
DWIDTH 10 0
BBX 10 11 0 -2
BITMAP
0800
0800
FF80
9200
FF80
9280
FF80
A200
AE80
B380
0000
ENDCHAR
STARTCHAR 0x4C4D
ENCODING 40634
SWIDTH 960 0
DWIDTH 10 0
BBX 10 11 0 -2
BITMAP
4000
5F80
E400
5F80
EA80
4E80
EA80
BF80
6000
9F80
0000
ENDCHAR
STARTCHAR 0x3975
ENCODING 40658
SWIDTH 960 0
DWIDTH 10 0
BBX 10 11 0 -2
BITMAP
0000
7F00
4900
7F00
4900
7F00
0800
FF80
0000
9480
0000
ENDCHAR
STARTCHAR 0x212A
ENCODING 65281
SWIDTH 960 0
DWIDTH 10 0
BBX 10 11 0 -2
BITMAP
0000
0800
0800
0800
0800
0800
0000
0000
0800
0000
0000
ENDCHAR
STARTCHAR 0x214A
ENCODING 65288
SWIDTH 960 0
DWIDTH 10 0
BBX 10 11 0 -2
BITMAP
0100
0200
0200
0400
0400
0400
0400
0400
0200
0200
0100
ENDCHAR
STARTCHAR 0x214B
ENCODING 65289
SWIDTH 960 0
DWIDTH 10 0
BBX 10 11 0 -2
BITMAP
4000
2000
2000
1000
1000
1000
1000
1000
2000
2000
4000
ENDCHAR
STARTCHAR 0x215C
ENCODING 65291
SWIDTH 960 0
DWIDTH 10 0
BBX 10 11 0 -2
BITMAP
0000
0000
0800
0800
0800
7F00
0800
0800
0800
0000
0000
ENDCHAR
STARTCHAR 0x2124
ENCODING 65292
SWIDTH 960 0
DWIDTH 10 0
BBX 10 11 0 -2
BITMAP
0000
0000
0000
0000
0000
0000
0000
3000
3000
6000
0000
ENDCHAR
STARTCHAR 0x215D
ENCODING 65293
SWIDTH 960 0
DWIDTH 10 0
BBX 10 11 0 -2
BITMAP
0000
0000
0000
0000
0000
7F00
0000
0000
0000
0000
0000
ENDCHAR
STARTCHAR 0x2125
ENCODING 65294
SWIDTH 960 0
DWIDTH 10 0
BBX 10 11 0 -2
BITMAP
0000
0000
0000
0000
0000
0000
0000
3000
3000
0000
0000
ENDCHAR
STARTCHAR 0x2330
ENCODING 65296
SWIDTH 960 0
DWIDTH 10 0
BBX 10 11 0 -2
BITMAP
0000
1E00
2100
2100
2100
2100
2100
2100
1E00
0000
0000
ENDCHAR
STARTCHAR 0x2331
ENCODING 65297
SWIDTH 960 0
DWIDTH 10 0
BBX 10 11 0 -2
BITMAP
0000
0400
0C00
1400
0400
0400
0400
0400
0400
0000
0000
ENDCHAR
STARTCHAR 0x2332
ENCODING 65298
SWIDTH 960 0
DWIDTH 10 0
BBX 10 11 0 -2
BITMAP
0000
1E00
2100
2100
0200
0400
0800
1000
3F00
0000
0000
ENDCHAR
STARTCHAR 0x2333
ENCODING 65299
SWIDTH 960 0
DWIDTH 10 0
BBX 10 11 0 -2
BITMAP
0000
3F00
0200
0400
0E00
0100
0100
2100
1E00
0000
0000
ENDCHAR
STARTCHAR 0x2334
ENCODING 65300
SWIDTH 960 0
DWIDTH 10 0
BBX 10 11 0 -2
BITMAP
0000
0600
0A00
1200
2200
2200
3F00
0200
0200
0000
0000
ENDCHAR
STARTCHAR 0x2335
ENCODING 65301
SWIDTH 960 0
DWIDTH 10 0
BBX 10 11 0 -2
BITMAP
0000
3F00
2000
2000
3E00
0100
0100
2100
1E00
0000
0000
ENDCHAR
STARTCHAR 0x2336
ENCODING 65302
SWIDTH 960 0
DWIDTH 10 0
BBX 10 11 0 -2
BITMAP
0000
0E00
1000
2000
3E00
2100
2100
2100
1E00
0000
0000
ENDCHAR
STARTCHAR 0x2337
ENCODING 65303
SWIDTH 960 0
DWIDTH 10 0
BBX 10 11 0 -2
BITMAP
0000
3F00
0100
0200
0400
0400
0800
0800
0800
0000
0000
ENDCHAR
STARTCHAR 0x2338
ENCODING 65304
SWIDTH 960 0
DWIDTH 10 0
BBX 10 11 0 -2
BITMAP
0000
1E00
2100
2100
1E00
2100
2100
2100
1E00
0000
0000
ENDCHAR
STARTCHAR 0x2339
ENCODING 65305
SWIDTH 960 0
DWIDTH 10 0
BBX 10 11 0 -2
BITMAP
0000
1E00
2100
2100
2100
1F00
0100
0200
1C00
0000
0000
ENDCHAR
STARTCHAR 0x2127
ENCODING 65306
SWIDTH 960 0
DWIDTH 10 0
BBX 10 11 0 -2
BITMAP
0000
0000
0000
1800
1800
0000
0000
1800
1800
0000
0000
ENDCHAR
STARTCHAR 0x2128
ENCODING 65307
SWIDTH 960 0
DWIDTH 10 0
BBX 10 11 0 -2
BITMAP
0000
0000
0000
1800
1800
0000
0000
1800
1800
3000
0000
ENDCHAR
STARTCHAR 0x2161
ENCODING 65309
SWIDTH 960 0
DWIDTH 10 0
BBX 10 11 0 -2
BITMAP
0000
0000
0000
0000
7F00
0000
7F00
0000
0000
0000
0000
ENDCHAR
STARTCHAR 0x2129
ENCODING 65311
SWIDTH 960 0
DWIDTH 10 0
BBX 10 11 0 -2
BITMAP
0000
3C00
4200
4200
0400
0800
1000
0000
1000
0000
0000
ENDCHAR
STARTCHAR 0x2341
ENCODING 65313
SWIDTH 960 0
DWIDTH 10 0
BBX 10 11 0 -2
BITMAP
0000
0800
0800
1400
1400
2200
3E00
4100
4100
0000
0000
ENDCHAR
STARTCHAR 0x2342
ENCODING 65314
SWIDTH 960 0
DWIDTH 10 0
BBX 10 11 0 -2
BITMAP
0000
3E00
2100
2100
3E00
2100
2100
2100
3E00
0000
0000
ENDCHAR
STARTCHAR 0x2343
ENCODING 65315
SWIDTH 960 0
DWIDTH 10 0
BBX 10 11 0 -2
BITMAP
0000
1E00
2100
4000
4000
4000
4000
2100
1E00
0000
0000
ENDCHAR
STARTCHAR 0x2344
ENCODING 65316
SWIDTH 960 0
DWIDTH 10 0
BBX 10 11 0 -2
BITMAP
0000
7C00
4200
4100
4100
4100
4100
4200
7C00
0000
0000
ENDCHAR
STARTCHAR 0x2345
ENCODING 65317
SWIDTH 960 0
DWIDTH 10 0
BBX 10 11 0 -2
BITMAP
0000
3F00
2000
2000
3E00
2000
2000
2000
3F00
0000
0000
ENDCHAR
STARTCHAR 0x2346
ENCODING 65318
SWIDTH 960 0
DWIDTH 10 0
BBX 10 11 0 -2
BITMAP
0000
3F00
2000
2000
3E00
2000
2000
2000
2000
0000
0000
ENDCHAR
STARTCHAR 0x2347
ENCODING 65319
SWIDTH 960 0
DWIDTH 10 0
BBX 10 11 0 -2
BITMAP
0000
1E00
2100
4000
4700
4100
4100
2300
1D00
0000
0000
ENDCHAR
STARTCHAR 0x2348
ENCODING 65320
SWIDTH 960 0
DWIDTH 10 0
BBX 10 11 0 -2
BITMAP
0000
2100
2100
2100
3F00
2100
2100
2100
2100
0000
0000
ENDCHAR
STARTCHAR 0x2349
ENCODING 65321
SWIDTH 960 0
DWIDTH 10 0
BBX 10 11 0 -2
BITMAP
0000
0800
0800
0800
0800
0800
0800
0800
0800
0000
0000
ENDCHAR
STARTCHAR 0x234A
ENCODING 65322
SWIDTH 960 0
DWIDTH 10 0
BBX 10 11 0 -2
BITMAP
0000
0100
0100
0100
0100
2100
2100
2100
1E00
0000
0000
ENDCHAR
STARTCHAR 0x234B
ENCODING 65323
SWIDTH 960 0
DWIDTH 10 0
BBX 10 11 0 -2
BITMAP
0000
2100
2200
2400
2800
3400
2200
2100
2080
0000
0000
ENDCHAR
STARTCHAR 0x234C
ENCODING 65324
SWIDTH 960 0
DWIDTH 10 0
BBX 10 11 0 -2
BITMAP
0000
2000
2000
2000
2000
2000
2000
2000
3F00
0000
0000
ENDCHAR
STARTCHAR 0x234D
ENCODING 65325
SWIDTH 960 0
DWIDTH 10 0
BBX 10 11 0 -2
BITMAP
0000
4100
6300
5500
4900
4100
4100
4100
4100
0000
0000
ENDCHAR
STARTCHAR 0x234E
ENCODING 65326
SWIDTH 960 0
DWIDTH 10 0
BBX 10 11 0 -2
BITMAP
0000
2100
3100
2900
2500
2300
2100
2100
2100
0000
0000
ENDCHAR
STARTCHAR 0x234F
ENCODING 65327
SWIDTH 960 0
DWIDTH 10 0
BBX 10 11 0 -2
BITMAP
0000
1C00
2200
4100
4100
4100
4100
2200
1C00
0000
0000
ENDCHAR
STARTCHAR 0x2350
ENCODING 65328
SWIDTH 960 0
DWIDTH 10 0
BBX 10 11 0 -2
BITMAP
0000
3E00
2100
2100
2100
3E00
2000
2000
2000
0000
0000
ENDCHAR
STARTCHAR 0x2351
ENCODING 65329
SWIDTH 960 0
DWIDTH 10 0
BBX 10 11 0 -2
BITMAP
0000
1C00
2200
4100
4100
4100
4100
2200
1C00
0400
0300
ENDCHAR
STARTCHAR 0x2352
ENCODING 65330
SWIDTH 960 0
DWIDTH 10 0
BBX 10 11 0 -2
BITMAP
0000
3E00
2100
2100
2100
3E00
2400
2200
2100
0000
0000
ENDCHAR
STARTCHAR 0x2353
ENCODING 65331
SWIDTH 960 0
DWIDTH 10 0
BBX 10 11 0 -2
BITMAP
0000
1E00
2100
2000
1E00
0100
0100
2100
1E00
0000
0000
ENDCHAR
STARTCHAR 0x2354
ENCODING 65332
SWIDTH 960 0
DWIDTH 10 0
BBX 10 11 0 -2
BITMAP
0000
7F00
0800
0800
0800
0800
0800
0800
0800
0000
0000
ENDCHAR
STARTCHAR 0x2355
ENCODING 65333
SWIDTH 960 0
DWIDTH 10 0
BBX 10 11 0 -2
BITMAP
0000
2100
2100
2100
2100
2100
2100
2100
1E00
0000
0000
ENDCHAR
STARTCHAR 0x2356
ENCODING 65334
SWIDTH 960 0
DWIDTH 10 0
BBX 10 11 0 -2
BITMAP
0000
4100
4100
2200
2200
1400
1400
0800
0800
0000
0000
ENDCHAR
STARTCHAR 0x2357
ENCODING 65335
SWIDTH 960 0
DWIDTH 10 0
BBX 10 11 0 -2
BITMAP
0000
8880
8880
8880
5500
5500
5500
2200
2200
0000
0000
ENDCHAR
STARTCHAR 0x2358
ENCODING 65336
SWIDTH 960 0
DWIDTH 10 0
BBX 10 11 0 -2
BITMAP
0000
4100
2200
1400
0800
0800
1400
2200
4100
0000
0000
ENDCHAR
STARTCHAR 0x2359
ENCODING 65337
SWIDTH 960 0
DWIDTH 10 0
BBX 10 11 0 -2
BITMAP
0000
4100
4100
2200
1400
0800
0800
0800
0800
0000
0000
ENDCHAR
STARTCHAR 0x235A
ENCODING 65338
SWIDTH 960 0
DWIDTH 10 0
BBX 10 11 0 -2
BITMAP
0000
3F00
0100
0200
0400
0800
1000
2000
3F00
0000
0000
ENDCHAR
STARTCHAR 0x2361
ENCODING 65345
SWIDTH 960 0
DWIDTH 10 0
BBX 10 11 0 -2
BITMAP
0000
0000
0000
1C00
0200
1E00
2200
2200
1E00
0000
0000
ENDCHAR
STARTCHAR 0x2362
ENCODING 65346
SWIDTH 960 0
DWIDTH 10 0
BBX 10 11 0 -2
BITMAP
0000
2000
2000
3C00
2200
2200
2200
2200
3C00
0000
0000
ENDCHAR
STARTCHAR 0x2363
ENCODING 65347
SWIDTH 960 0
DWIDTH 10 0
BBX 10 11 0 -2
BITMAP
0000
0000
0000
1C00
2200
2000
2000
2200
1C00
0000
0000
ENDCHAR
STARTCHAR 0x2364
ENCODING 65348
SWIDTH 960 0
DWIDTH 10 0
BBX 10 11 0 -2
BITMAP
0000
0200
0200
1E00
2200
2200
2200
2200
1E00
0000
0000
ENDCHAR
STARTCHAR 0x2365
ENCODING 65349
SWIDTH 960 0
DWIDTH 10 0
BBX 10 11 0 -2
BITMAP
0000
0000
0000
1C00
2200
3E00
2000
2200
1C00
0000
0000
ENDCHAR
STARTCHAR 0x2366
ENCODING 65350
SWIDTH 960 0
DWIDTH 10 0
BBX 10 11 0 -2
BITMAP
0000
0600
0800
0800
3E00
0800
0800
0800
0800
0000
0000
ENDCHAR
STARTCHAR 0x2367
ENCODING 65351
SWIDTH 960 0
DWIDTH 10 0
BBX 10 11 0 -2
BITMAP
0000
0000
0000
1E00
2200
2200
2200
1E00
0200
2200
1C00
ENDCHAR
STARTCHAR 0x2368
ENCODING 65352
SWIDTH 960 0
DWIDTH 10 0
BBX 10 11 0 -2
BITMAP
0000
2000
2000
2C00
3200
2200
2200
2200
2200
0000
0000
ENDCHAR
STARTCHAR 0x2369
ENCODING 65353
SWIDTH 960 0
DWIDTH 10 0
BBX 10 11 0 -2
BITMAP
0800
0800
0000
0000
0800
0800
0800
0800
0800
0000
0000
ENDCHAR
STARTCHAR 0x236A
ENCODING 65354
SWIDTH 960 0
DWIDTH 10 0
BBX 10 11 0 -2
BITMAP
0400
0400
0000
0000
0400
0400
0400
0400
0400
0400
3800
ENDCHAR
STARTCHAR 0x236B
ENCODING 65355
SWIDTH 960 0
DWIDTH 10 0
BBX 10 11 0 -2
BITMAP
0000
2000
2000
2200
2400
2800
3400
2200
2100
0000
0000
ENDCHAR
STARTCHAR 0x236C
ENCODING 65356
SWIDTH 960 0
DWIDTH 10 0
BBX 10 11 0 -2
BITMAP
0000
0800
0800
0800
0800
0800
0800
0800
0800
0000
0000
ENDCHAR
STARTCHAR 0x236D
ENCODING 65357
SWIDTH 960 0
DWIDTH 10 0
BBX 10 11 0 -2
BITMAP
0000
0000
0000
7E00
4900
4900
4900
4900
4900
0000
0000
ENDCHAR
STARTCHAR 0x236E
ENCODING 65358
SWIDTH 960 0
DWIDTH 10 0
BBX 10 11 0 -2
BITMAP
0000
0000
0000
2C00
3200
2200
2200
2200
2200
0000
0000
ENDCHAR
STARTCHAR 0x236F
ENCODING 65359
SWIDTH 960 0
DWIDTH 10 0
BBX 10 11 0 -2
BITMAP
0000
0000
0000
1E00
2100
2100
2100
2100
1E00
0000
0000
ENDCHAR
STARTCHAR 0x2370
ENCODING 65360
SWIDTH 960 0
DWIDTH 10 0
BBX 10 11 0 -2
BITMAP
0000
0000
0000
3C00
2200
2200
2200
2200
3C00
2000
2000
ENDCHAR
STARTCHAR 0x2371
ENCODING 65361
SWIDTH 960 0
DWIDTH 10 0
BBX 10 11 0 -2
BITMAP
0000
0000
0000
1E00
2200
2200
2200
2200
1E00
0200
0200
ENDCHAR
STARTCHAR 0x2372
ENCODING 65362
SWIDTH 960 0
DWIDTH 10 0
BBX 10 11 0 -2
BITMAP
0000
0000
0000
1600
1800
1000
1000
1000
1000
0000
0000
ENDCHAR
STARTCHAR 0x2373
ENCODING 65363
SWIDTH 960 0
DWIDTH 10 0
BBX 10 11 0 -2
BITMAP
0000
0000
0000
1C00
2200
1C00
0200
2200
1C00
0000
0000
ENDCHAR
STARTCHAR 0x2374
ENCODING 65364
SWIDTH 960 0
DWIDTH 10 0
BBX 10 11 0 -2
BITMAP
0000
1000
1000
3C00
1000
1000
1000
1200
0C00
0000
0000
ENDCHAR
STARTCHAR 0x2375
ENCODING 65365
SWIDTH 960 0
DWIDTH 10 0
BBX 10 11 0 -2
BITMAP
0000
0000
0000
2200
2200
2200
2200
2600
1A00
0000
0000
ENDCHAR
STARTCHAR 0x2376
ENCODING 65366
SWIDTH 960 0
DWIDTH 10 0
BBX 10 11 0 -2
BITMAP
0000
0000
0000
2200
2200
1400
1400
0800
0800
0000
0000
ENDCHAR
STARTCHAR 0x2377
ENCODING 65367
SWIDTH 960 0
DWIDTH 10 0
BBX 10 11 0 -2
BITMAP
0000
0000
0000
4900
4900
5500
5500
2200
2200
0000
0000
ENDCHAR
STARTCHAR 0x2378
ENCODING 65368
SWIDTH 960 0
DWIDTH 10 0
BBX 10 11 0 -2
BITMAP
0000
0000
0000
2200
1400
0800
0800
1400
2200
0000
0000
ENDCHAR
STARTCHAR 0x2379
ENCODING 65369
SWIDTH 960 0
DWIDTH 10 0
BBX 10 11 0 -2
BITMAP
0000
0000
0000
2200
2200
1200
1400
1400
0800
0800
3000
ENDCHAR
STARTCHAR 0x237A
ENCODING 65370
SWIDTH 960 0
DWIDTH 10 0
BBX 10 11 0 -2
BITMAP
0000
0000
0000
3E00
0400
0800
1000
2000
3E00
0000
0000
ENDCHAR
STARTCHAR 0x2141
ENCODING 65374
SWIDTH 960 0
DWIDTH 10 0
BBX 10 11 0 -2
BITMAP
0000
0000
0000
0000
3000
4900
0600
0000
0000
0000
0000
ENDCHAR
ENDFONT
